MonthYear,Actor1Name             ,Count
202003   ,KATOWICE               ,49
201611   ,POLAND                 ,12947
201708   ,GDANSK                 ,244
201708   ,CRACOW                 ,128
201708   ,LECH KACZYNSKI         ,10
201803   ,POLE                   ,3151
201710   ,JAROSLAW KACZYNSKI     ,143
201711   ,WROCLAW                ,86
201802   ,KRAKOW                 ,79
201612   ,CZESTOCHOWA            ,22
201610   ,LESZEK BALCEROWICZ     ,5
201603   ,LUBLIN                 ,124
201512   ,CRACOW                 ,176
201605   ,LUBLIN                 ,129
201502   ,DONALD TUSK            ,211
201511   ,POLEN                  ,5
201508   ,LUBLIN                 ,77
201506   ,BRONISLAW KOMOROWSKI   ,136
201503   ,JAROSLAW KACZYNSKI     ,31
201511   ,WOJCIECH JARUZELSKI    ,10
201507   ,LECH WALESA            ,9
201508   ,POLEN                  ,2
201508   ,ELZBIETA BIENKOWSKA    ,4
201809   ,POLISH                 ,5586
201811   ,WARSAW                 ,1560
201810   ,CZESTOCHOWA            ,17
201809   ,ALEKSANDER KWASNIEWSKI ,3
201812   ,CZESTOCHOWA            ,22
201903   ,LECH KACZYNSKI         ,2
201602   ,ZABRZE                 ,1
201912   ,KRAKOW                 ,48
202003   ,BROMBERG               ,19
201911   ,ALEKSANDER KWASNIEWSKI ,5
201803   ,WARSAW                 ,2058
201710   ,GDANSK                 ,205
201802   ,CZESTOCHOWA            ,28
201601   ,POLISH                 ,6979
201604   ,DONALD TUSK            ,455
201504   ,POLAND                 ,11800
201508   ,BRONISLAW KOMOROWSKI   ,160
201805   ,BRONISLAW KOMOROWSKI   ,5
201503   ,DONALD TUSK            ,644
201505   ,LESZEK BALCEROWICZ     ,5
201504   ,KRAKOW                 ,99
201510   ,BYDGOSZCZ              ,84
201505   ,EWA KOPACZ             ,142
201506   ,RADOSLAW SIKORSKI      ,20
201503   ,POLLAND                ,2
201902   ,LODZ                   ,51
201509   ,TADEUSZ MAZOWIECKI     ,1
201905   ,LUBLIN                 ,113
201909   ,LECH WALESA            ,14
201909   ,ZABRZE                 ,4
201909   ,LESZEK BALCEROWICZ     ,2
201911   ,JAROSLAW KACZYNSKI     ,62
201511   ,JERZY BUZEK            ,1
201909   ,POLEN                  ,6
202003   ,LESZEK MILLER          ,1
201906   ,BOGDAN ZDROJEWSKI      ,1
201906   ,TOMASZ ARABSKI         ,6
201703   ,WITOLD SOBKOW          ,5
201709   ,KATOWICE               ,76
201710   ,CZESTOCHOWA            ,19
201609   ,KRAKOW                 ,109
201611   ,KAZIMIERZ MARCINKIEWICZ,1
201711   ,POLLAND                ,2
201701   ,GDANSK                 ,222
201708   ,CZESTOCHOWA            ,42
201801   ,POLLAND                ,1
201602   ,CRACOW                 ,176
201503   ,CRACOW                 ,182
201606   ,POLEN                  ,7
201508   ,CZESTOCHOWA            ,24
201807   ,KRAKOW                 ,101
201602   ,LESZEK MILLER          ,3
201812   ,POLE                   ,2579
201612   ,ELZBIETA BIENKOWSKA    ,7
201603   ,JACEK ROSTOWSKI        ,10
201901   ,CZESTOCHOWA            ,17
201906   ,CZESTOCHOWA            ,22
202002   ,CRACOW                 ,139
201906   ,TADEUSZ MAZOWIECKI     ,2
201506   ,TADEUSZ MAZOWIECKI     ,1
201704   ,POLISH                 ,6656
201604   ,POLISH                 ,6296
201709   ,POLAND                 ,13057
201709   ,POLSKA                 ,27
201709   ,DANZIG                 ,26
201803   ,KRAKOW                 ,102
201706   ,POLISH                 ,5537
201701   ,LUBLIN                 ,161
201701   ,BRESLAU                ,20
201706   ,CZESTOCHOWA            ,15
201710   ,LECH WALESA            ,2
201603   ,GDANSK                 ,132
201804   ,BROMBERG               ,11
201804   ,ZABRZE                 ,18
201804   ,BRESLAU                ,2
201502   ,WARSAW                 ,583
201506   ,GDANSK                 ,134
201511   ,CZESTOCHOWA            ,29
201901   ,LUBLIN                 ,75
201607   ,ZABRZE                 ,6
201502   ,POLSKA                 ,3
201905   ,JAROSLAW KACZYNSKI     ,142
201806   ,ELZBIETA BIENKOWSKA    ,1
201509   ,CZESLAW KISZCZAK       ,1
202001   ,JERZY BUZEK            ,1
201509   ,DANZIG                 ,6
201705   ,POLAND                 ,11625
201705   ,ELZBIETA BIENKOWSKA    ,6
201802   ,POLEN                  ,11
201703   ,ZABRZE                 ,11
201603   ,KATOWICE               ,51
201712   ,KAZIMIERZ MARCINKIEWICZ,3
201602   ,LODZ                   ,52
201505   ,WROCLAW                ,56
201504   ,ZABRZE                 ,8
201605   ,BRONISLAW KOMOROWSKI   ,17
201604   ,LECH WALESA            ,10
201511   ,MAREK BELKA            ,2
201808   ,LUBLIN                 ,78
201808   ,ZABRZE                 ,9
201808   ,LECH WALESA            ,7
201811   ,ELZBIETA BIENKOWSKA    ,7
201505   ,POLEN                  ,1
201601   ,EWA KOPACZ             ,2
201812   ,BRONISLAW KOMOROWSKI   ,1
201809   ,POLEN                  ,3
201901   ,POLLAND                ,1
201904   ,LECH KACZYNSKI         ,4
201511   ,BOGDAN ZDROJEWSKI      ,1
201608   ,KRZYSZTOF KWIATKOWSKI  ,2
201903   ,POLISH                 ,4432
202003   ,BRESLAU                ,2
201704   ,LUBLIN                 ,109
201703   ,WROCLAW                ,84
201803   ,CZESTOCHOWA            ,27
201510   ,CRACOW                 ,225
201706   ,LECH WALESA            ,12
201612   ,CZESLAW KISZCZAK       ,2
201707   ,ZABRZE                 ,2
201804   ,BRONISLAW KOMOROWSKI   ,9
201703   ,POLEN                  ,3
201504   ,DANZIG                 ,38
201505   ,BRONISLAW KOMOROWSKI   ,691
201512   ,JAROSLAW KACZYNSKI     ,129
201504   ,DONALD TUSK            ,399
201603   ,LODZ                   ,66
201604   ,POLSKA                 ,34
201603   ,BRONISLAW KOMOROWSKI   ,8
201604   ,ALEKSANDER KWASNIEWSKI ,3
201812   ,CRACOW                 ,122
201807   ,BRONISLAW KOMOROWSKI   ,5
201501   ,LODZ                   ,1
201811   ,ALEKSANDER KWASNIEWSKI ,2
201904   ,BYDGOSZCZ              ,58
201908   ,KRAKOW                 ,70
201903   ,ELZBIETA BIENKOWSKA    ,3
202001   ,POLE                   ,2141
201908   ,RADOSLAW SIKORSKI      ,1
201511   ,RADOSLAW SIKORSKI      ,2
202001   ,LECH WALESA            ,1
201912   ,BOGDAN ZDROJEWSKI      ,5
201705   ,EWA KOPACZ             ,2
201602   ,WARSAW                 ,1561
201704   ,JAROSLAW KACZYNSKI     ,184
201704   ,LODZ                   ,72
201705   ,LECH KACZYNSKI         ,13
201608   ,LECH KACZYNSKI         ,20
201701   ,WROCLAW                ,105
201801   ,LODZ                   ,91
201610   ,WARSZAWA               ,6
201706   ,BRONISLAW KOMOROWSKI   ,8
201505   ,POLAND                 ,10171
201603   ,BYDGOSZCZ              ,75
201504   ,BRONISLAW KOMOROWSKI   ,345
201512   ,BRESLAU                ,12
201506   ,WOJCIECH JARUZELSKI    ,9
201804   ,WARSZAWA               ,2
201806   ,POLEN                  ,7
201504   ,JERZY BUZEK            ,1
201902   ,CZESTOCHOWA            ,12
201811   ,LUBLIN                 ,108
201805   ,TADEUSZ MAZOWIECKI     ,1
201810   ,LUBLIN                 ,218
201607   ,DANZIG                 ,32
201607   ,WROCLAW                ,68
201606   ,ELZBIETA BIENKOWSKA    ,20
201909   ,JAROSLAW KACZYNSKI     ,112
201907   ,LECH WALESA            ,4
201503   ,LESZEK BALCEROWICZ     ,1
201502   ,MAREK BELKA            ,2
201704   ,LESZEK MILLER          ,6
201709   ,GDANSK                 ,246
201709   ,POLISH                 ,6936
201611   ,LUBLIN                 ,152
201711   ,ZABRZE                 ,11
201706   ,POLAND                 ,11988
201704   ,BROMBERG               ,4
201608   ,CZESLAW KISZCZAK       ,2
201706   ,LODZ                   ,56
201702   ,LESZEK MILLER          ,1
201805   ,CRACOW                 ,268
201507   ,WROCLAW                ,60
201509   ,LUBLIN                 ,133
201507   ,EWA KOPACZ             ,51
201602   ,DANZIG                 ,46
201503   ,POLEN                  ,11
201806   ,WROCLAW                ,72
201506   ,ELZBIETA BIENKOWSKA    ,5
201808   ,LECH KACZYNSKI         ,10
201902   ,WROCLAW                ,36
201604   ,JERZY BUZEK            ,4
201811   ,KRAKOW                 ,61
201607   ,BROMBERG               ,8
201603   ,MAREK BELKA            ,2
201906   ,DONALD TUSK            ,503
201908   ,WROCLAW                ,44
201910   ,POLAND                 ,8803
201710   ,ELZBIETA BIENKOWSKA    ,1
201911   ,POLE                   ,2309
202001   ,POLEN                  ,8
201910   ,LECH KACZYNSKI         ,3
201602   ,JERZY SZMAJDZINSKI     ,1
201702   ,JAROSLAW KACZYNSKI     ,286
201604   ,WARSAW                 ,1898
201611   ,CZESLAW KISZCZAK       ,2
201509   ,POLE                   ,3189
201608   ,POLSKA                 ,9
201801   ,POLISH                 ,7331
201706   ,WARSZAWA               ,6
201804   ,LUBLIN                 ,193
201804   ,POLISH                 ,5243
201804   ,POLSKA                 ,9
201506   ,BYDGOSZCZ              ,41
201504   ,JAROSLAW KACZYNSKI     ,50
201509   ,BYDGOSZCZ              ,46
201505   ,BROMBERG               ,17
201708   ,MAREK SAWICKI          ,6
201512   ,POLLAND                ,4
201902   ,POLAND                 ,14758
201602   ,BOGDAN ZDROJEWSKI      ,1
201811   ,CRACOW                 ,173
201607   ,CZESTOCHOWA            ,187
201608   ,LESZEK MILLER          ,1
201606   ,CZESLAW KISZCZAK       ,2
201903   ,GDANSK                 ,255
201605   ,CZESLAW KISZCZAK       ,7
201906   ,LUBLIN                 ,97
201908   ,KATOWICE               ,95
201908   ,POLLAND                ,7
201909   ,KRAKOW                 ,62
202001   ,WARSAW                 ,1347
202002   ,BROMBERG               ,11
201906   ,POLSKA                 ,13
202004   ,BRESLAU                ,1
201912   ,ZABRZE                 ,2
201911   ,POLSKA                 ,8
201503   ,BOGDAN ZDROJEWSKI      ,2
201909   ,BRESLAU                ,7
202003   ,BYDGOSZCZ              ,51
201602   ,POLISH                 ,6299
201709   ,BROMBERG               ,56
201611   ,DANZIG                 ,23
201708   ,POLE                   ,2469
201708   ,DONALD TUSK            ,43
201612   ,KRAKOW                 ,165
201612   ,LECH KACZYNSKI         ,11
201608   ,GDANSK                 ,291
201610   ,JAROSLAW KACZYNSKI     ,202
201701   ,BRONISLAW KOMOROWSKI   ,8
201706   ,BYDGOSZCZ              ,56
201712   ,GDANSK                 ,150
201601   ,CRACOW                 ,168
201512   ,WARSAW                 ,1555
201601   ,KRAKOW                 ,92
201510   ,JAN OLSZEWSKI          ,24
201503   ,DANZIG                 ,23
201812   ,DONALD TUSK            ,592
201506   ,WARSZAWA               ,2
201807   ,LECH WALESA            ,25
201502   ,LECH KACZYNSKI         ,3
201504   ,LESZEK BALCEROWICZ     ,2
201504   ,WOJCIECH JARUZELSKI    ,1
201903   ,DANZIG                 ,10
201806   ,POLLAND                ,2
201909   ,POLE                   ,2592
201907   ,DONALD TUSK            ,501
201912   ,POLAND                 ,8913
201702   ,POLE                   ,2836
201703   ,DONALD TUSK            ,1495
201603   ,POLISH                 ,5841
201611   ,LECH KACZYNSKI         ,55
201711   ,GDANSK                 ,205
201708   ,JAROSLAW KACZYNSKI     ,127
201705   ,JERZY BUZEK            ,7
201610   ,JERZY BUZEK            ,1
201805   ,KRAKOW                 ,68
201804   ,LESZEK BALCEROWICZ     ,3
201510   ,BRONISLAW KOMOROWSKI   ,80
201510   ,WROCLAW                ,94
201710   ,MAREK BELKA            ,3
201505   ,JAROSLAW KACZYNSKI     ,103
201605   ,KATOWICE               ,114
201604   ,POLEN                  ,3
201512   ,WROCLAW                ,55
201810   ,LODZ                   ,78
201901   ,DANZIG                 ,29
201508   ,WARSZAWA               ,5
201809   ,ZABRZE                 ,3
201807   ,BROMBERG               ,7
201908   ,POLISH                 ,4516
201910   ,DANZIG                 ,51
201904   ,POLEN                  ,11
201909   ,GDANSK                 ,159
201907   ,DANZIG                 ,10
201905   ,POLLAND                ,5
201912   ,CZESLAW KISZCZAK       ,1
202001   ,POLLAND                ,2
202004   ,DANZIG                 ,32
201509   ,GDANSK                 ,175
201707   ,GDANSK                 ,307
201802   ,GDANSK                 ,170
201701   ,KRAKOW                 ,111
201702   ,DANZIG                 ,15
201712   ,CRACOW                 ,370
201712   ,BYDGOSZCZ              ,88
201802   ,CZESLAW KISZCZAK       ,4
201609   ,BRONISLAW KOMOROWSKI   ,3
201611   ,WARSZAWA               ,3
201508   ,CRACOW                 ,190
201508   ,ZABRZE                 ,12
201504   ,GDANSK                 ,202
201601   ,POLEN                  ,4
201507   ,BRESLAU                ,14
201510   ,DANZIG                 ,43
201502   ,POLLAND                ,2
201805   ,POLOGNE                ,3
201807   ,WOJCIECH JARUZELSKI    ,1
201809   ,JAROSLAW KACZYNSKI     ,107
201902   ,POLE                   ,2678
201902   ,DONALD TUSK            ,737
201811   ,LECH KACZYNSKI         ,25
201604   ,POLLAND                ,2
201903   ,CRACOW                 ,165
201811   ,BRONISLAW KOMOROWSKI   ,4
201910   ,CZESLAW KISZCZAK       ,1
201905   ,POLEN                  ,9
201912   ,KATOWICE               ,102
202002   ,GDANSK                 ,158
201903   ,POLOGNE                ,2
201907   ,MAREK SAWICKI          ,1
201912   ,LECH KACZYNSKI         ,2
201904   ,LESZEK BALCEROWICZ     ,1
201911   ,BRESLAU                ,6
201906   ,ELZBIETA BIENKOWSKA    ,2
202003   ,DANZIG                 ,15
201704   ,WROCLAW                ,83
201703   ,LUBLIN                 ,249
201703   ,BYDGOSZCZ              ,88
201703   ,LODZ                   ,81
201709   ,POLE                   ,2668
201708   ,WROCLAW                ,71
201803   ,GDANSK                 ,166
201803   ,JAROSLAW KACZYNSKI     ,51
201707   ,WARSAW                 ,4367
201707   ,WROCLAW                ,94
201705   ,KATOWICE               ,89
201610   ,GDANSK                 ,224
201701   ,WARSAW                 ,1526
201701   ,JAROSLAW KACZYNSKI     ,248
201706   ,WROCLAW                ,92
201612   ,BOGDAN ZDROJEWSKI      ,1
201712   ,LUBLIN                 ,204
201504   ,WARSAW                 ,1272
201504   ,BYDGOSZCZ              ,34
201505   ,ZABRZE                 ,4
201508   ,JERZY BUZEK            ,2
201603   ,LESZEK BALCEROWICZ     ,9
201812   ,GDANSK                 ,140
201901   ,POLE                   ,2718
201705   ,WARSZAWA               ,6
201810   ,POLE                   ,2374
201810   ,LESZEK MILLER          ,1
201607   ,LECH KACZYNSKI         ,28
201606   ,LESZEK MILLER          ,1
201511   ,ELZBIETA BIENKOWSKA    ,1
201908   ,POLAND                 ,10351
201605   ,WOJCIECH JARUZELSKI    ,2
201907   ,POLE                   ,2727
202001   ,BRESLAU                ,5
201912   ,WOJCIECH JARUZELSKI    ,3
202003   ,POLEN                  ,7
201702   ,CZESTOCHOWA            ,14
201704   ,POLAND                 ,11700
201704   ,ZABRZE                 ,7
201711   ,BRONISLAW KOMOROWSKI   ,12
201710   ,LODZ                   ,131
201710   ,POLLAND                ,1
201704   ,BRESLAU                ,10
201705   ,CRACOW                 ,226
201706   ,JAROSLAW KACZYNSKI     ,119
201711   ,BROMBERG               ,14
201610   ,POLEN                  ,1
201703   ,BRESLAU                ,6
201805   ,POLE                   ,2848
201805   ,DONALD TUSK            ,445
201709   ,ALEKSANDER KWASNIEWSKI ,2
201804   ,WALDEMAR PAWLAK        ,2
201506   ,BROMBERG               ,25
201602   ,LECH WALESA            ,130
201510   ,EWA KOPACZ             ,90
201606   ,LODZ                   ,77
201806   ,BYDGOSZCZ              ,66
201502   ,LECH WALESA            ,3
201902   ,POLISH                 ,6880
201807   ,BRESLAU                ,9
201810   ,POLISH                 ,5134
201607   ,BOGDAN ZDROJEWSKI      ,3
201810   ,LECH WALESA            ,3
201812   ,ZABRZE                 ,4
201903   ,BRESLAU                ,8
201907   ,CZESLAW KISZCZAK       ,4
202001   ,LODZ                   ,54
202002   ,LUBLIN                 ,73
201808   ,JERZY KROPIWNICKI      ,1
201511   ,POLE                   ,3091
201709   ,BRESLAU                ,9
201612   ,POLAND                 ,12856
201607   ,KATOWICE               ,76
201701   ,BROMBERG               ,7
201801   ,KATOWICE               ,79
201712   ,WROCLAW                ,63
201705   ,WALDEMAR PAWLAK        ,2
201510   ,JAROSLAW KACZYNSKI     ,305
201804   ,KRAKOW                 ,92
201804   ,ELZBIETA BIENKOWSKA    ,4
201506   ,POLE                   ,2309
201506   ,EWA KOPACZ             ,49
201507   ,BROMBERG               ,33
201504   ,MAREK BELKA            ,3
201512   ,RADOSLAW SIKORSKI      ,3
201507   ,MAREK BELKA            ,6
201601   ,TADEUSZ MAZOWIECKI     ,2
201808   ,POLOGNE                ,2
201607   ,LESZEK BALCEROWICZ     ,1
201901   ,LECH KACZYNSKI         ,4
201601   ,WARSZAWA               ,1
201905   ,DANZIG                 ,16
201908   ,LODZ                   ,42
201908   ,JAROSLAW KACZYNSKI     ,93
201506   ,BOGDAN ZDROJEWSKI      ,2
201802   ,BRESLAU                ,9
201910   ,POLSKA                 ,9
201905   ,BRONISLAW KOMOROWSKI   ,8
201904   ,ZABRZE                 ,3
201507   ,POLLAND                ,1
202004   ,WARSAW                 ,665
202004   ,LECH KACZYNSKI         ,10
201709   ,KRAKOW                 ,37
201709   ,LESZEK MILLER          ,1
201802   ,LUBLIN                 ,159
201608   ,BROMBERG               ,31
201609   ,POLEN                  ,4
201804   ,KATOWICE               ,106
201805   ,ELZBIETA BIENKOWSKA    ,14
201502   ,BRESLAU                ,4
201505   ,WARSZAWA               ,2
201809   ,LESZEK BALCEROWICZ     ,1
201602   ,JERZY BUZEK            ,1
201808   ,POLLAND                ,1
201909   ,CZESTOCHOWA            ,18
201907   ,POLLAND                ,2
201811   ,LESZEK MILLER          ,2
201905   ,LECH KACZYNSKI         ,5
201912   ,JAROSLAW KACZYNSKI     ,47
201912   ,POLSKA                 ,7
201803   ,LESZEK MILLER          ,1
201909   ,ALEKSANDER KWASNIEWSKI ,1
202003   ,CRACOW                 ,144
202003   ,LODZ                   ,82
201702   ,BYDGOSZCZ              ,66
201711   ,BARBARA KUDRYCKA       ,1
201707   ,CRACOW                 ,268
201707   ,KATOWICE               ,61
201609   ,BROMBERG               ,14
201608   ,BYDGOSZCZ              ,82
201711   ,MAREK BELKA            ,2
201701   ,LECH WALESA            ,32
201712   ,POLE                   ,3040
201712   ,ZABRZE                 ,4
201610   ,ZABRZE                 ,11
201609   ,POLSKA                 ,17
201705   ,POLEN                  ,10
201805   ,CZESTOCHOWA            ,18
201611   ,WOJCIECH JARUZELSKI    ,1
201506   ,KATOWICE               ,98
201509   ,JAROSLAW KACZYNSKI     ,73
201504   ,CZESTOCHOWA            ,13
201604   ,LESZEK BALCEROWICZ     ,11
201508   ,MAREK SAWICKI          ,6
201808   ,WROCLAW                ,71
201812   ,LUBLIN                 ,74
201602   ,EWA KOPACZ             ,2
201606   ,WARSZAWA               ,3
201909   ,KATOWICE               ,88
202001   ,WROCLAW                ,34
201907   ,WARSZAWA               ,6
201908   ,MAREK SAWICKI          ,1
201906   ,WARSZAWA               ,4
201507   ,JERZY BUZEK            ,1
201503   ,JERZY BUZEK            ,1
201906   ,LESZEK BALCEROWICZ     ,4
202003   ,POLSKA                 ,2
201702   ,CRACOW                 ,226
201511   ,POLAND                 ,11769
201708   ,POLISH                 ,5490
201707   ,POLAND                 ,21114
201709   ,CZESTOCHOWA            ,22
201607   ,POLISH                 ,9503
201610   ,DONALD TUSK            ,743
201706   ,KRAKOW                 ,89
201609   ,LESZEK BALCEROWICZ     ,6
201805   ,POLSKA                 ,37
201511   ,WROCLAW                ,56
201507   ,POLISH                 ,4220
201503   ,POLISH                 ,5757
201504   ,CRACOW                 ,165
201603   ,LECH KACZYNSKI         ,19
201604   ,GDANSK                 ,172
201605   ,KRAKOW                 ,222
201511   ,BRESLAU                ,7
201503   ,BOGDAN KLICH           ,15
201807   ,POLSKA                 ,15
201510   ,LESZEK MILLER          ,14
201803   ,MAREK BOROWSKI         ,3
201808   ,DONALD TUSK            ,40
201506   ,POLLAND                ,1
201812   ,POLISH                 ,4403
201902   ,KATOWICE               ,82
201504   ,ALEKSANDER KWASNIEWSKI ,2
201901   ,JAROSLAW KACZYNSKI     ,198
201605   ,BOGDAN KLICH           ,8
201901   ,ZABRZE                 ,4
201908   ,GDANSK                 ,220
201910   ,JAROSLAW KACZYNSKI     ,151
201910   ,LECH WALESA            ,3
201903   ,RADOSLAW SIKORSKI      ,2
201908   ,LESZEK MILLER          ,5
202003   ,JERZY BUZEK            ,1
201911   ,BOGDAN ZDROJEWSKI      ,2
201606   ,TADEUSZ MAZOWIECKI     ,4
201807   ,RADOSLAW SIKORSKI      ,3
201706   ,ALEKSANDER GRAD        ,1
201704   ,KATOWICE               ,87
201610   ,POLAND                 ,14100
201611   ,DONALD TUSK            ,447
201511   ,WARSAW                 ,1639
201803   ,POLSKA                 ,18
201710   ,POLSKA                 ,27
201802   ,LODZ                   ,67
201612   ,EWA KOPACZ             ,6
201610   ,POLSKA                 ,22
201706   ,CRACOW                 ,183
201805   ,DANZIG                 ,23
201702   ,RADOSLAW SIKORSKI      ,1
201804   ,WROCLAW                ,68
201501   ,POLISH                 ,73
201507   ,KATOWICE               ,105
201604   ,LUBLIN                 ,126
201505   ,LUBLIN                 ,118
201901   ,CRACOW                 ,138
201908   ,CZESTOCHOWA            ,26
201905   ,POLSKA                 ,7
201909   ,WARSZAWA               ,2
201911   ,LUBLIN                 ,151
201811   ,LESZEK BALCEROWICZ     ,1
201504   ,WARSZAWA               ,2
202004   ,DONALD TUSK            ,69
201702   ,DONALD TUSK            ,813
201710   ,POLAND                 ,12369
201803   ,LODZ                   ,96
201707   ,WARSZAWA               ,4
201508   ,POLE                   ,2999
201508   ,LECH WALESA            ,12
201503   ,POLSKA                 ,12
201807   ,GDANSK                 ,150
201806   ,LUBLIN                 ,102
201902   ,WARSAW                 ,4071
201902   ,LUBLIN                 ,121
201603   ,WOJCIECH JARUZELSKI    ,2
201811   ,DONALD TUSK            ,972
201503   ,LECH WALESA            ,1
201906   ,KATOWICE               ,65
201905   ,BRESLAU                ,10
202003   ,BRONISLAW KOMOROWSKI   ,3
201905   ,MAREK POL              ,2
202003   ,CZESTOCHOWA            ,20
201702   ,LUBLIN                 ,150
201708   ,ZABRZE                 ,5
201708   ,DANZIG                 ,8
201803   ,CRACOW                 ,299
201604   ,JAROSLAW KACZYNSKI     ,197
201611   ,BRESLAU                ,7
201703   ,JERZY BUZEK            ,4
201711   ,RADOSLAW SIKORSKI      ,1
201510   ,BROMBERG               ,24
201509   ,POLLAND                ,9
201808   ,BOGDAN ZDROJEWSKI      ,1
201809   ,WROCLAW                ,52
201812   ,BYDGOSZCZ              ,40
201605   ,POLLAND                ,1
201809   ,LESZEK MILLER          ,12
201909   ,POLISH                 ,5904
201907   ,JAROSLAW KACZYNSKI     ,95
201907   ,LUBLIN                 ,88
202001   ,KATOWICE               ,74
201912   ,BRONISLAW KOMOROWSKI   ,2
201607   ,BOGDAN KLICH           ,2
202004   ,POLSKA                 ,7
202004   ,CZESLAW KISZCZAK       ,1
201702   ,POLISH                 ,6013
201702   ,GDANSK                 ,170
201611   ,JAROSLAW KACZYNSKI     ,108
201710   ,CRACOW                 ,361
201707   ,BOGDAN ZDROJEWSKI      ,7
201707   ,BRESLAU                ,4
201705   ,WARSAW                 ,1595
201608   ,LODZ                   ,55
201712   ,POLISH                 ,6197
201703   ,ALEKSANDER KWASNIEWSKI ,2
201801   ,TOMASZ ARABSKI         ,6
201710   ,BRONISLAW KOMOROWSKI   ,7
201612   ,LESZEK BALCEROWICZ     ,1
201512   ,KRAKOW                 ,139
201611   ,ELZBIETA BIENKOWSKA    ,3
201507   ,POLAND                 ,8150
201505   ,GDANSK                 ,242
201710   ,WOJCIECH JARUZELSKI    ,1
201503   ,GDANSK                 ,169
201808   ,WOJCIECH JARUZELSKI    ,3
201902   ,ZABRZE                 ,5
201906   ,GDANSK                 ,262
201912   ,DONALD TUSK            ,85
201906   ,POLEN                  ,8
202004   ,BROMBERG               ,10
201904   ,KRAKAU                 ,1
201602   ,WROCLAW                ,38
201609   ,WARSAW                 ,2050
201611   ,CRACOW                 ,184
201609   ,BRESLAU                ,5
201707   ,JAROSLAW KACZYNSKI     ,210
201604   ,DANZIG                 ,8
201605   ,GDANSK                 ,198
201604   ,CRACOW                 ,266
201610   ,POLLAND                ,3
201712   ,POLSKA                 ,11
201711   ,WARSZAWA               ,2
201609   ,JACEK ROSTOWSKI        ,2
201804   ,ALEKSANDER KWASNIEWSKI ,2
201507   ,POLE                   ,2909
201511   ,BRONISLAW KOMOROWSKI   ,27
201512   ,CZESTOCHOWA            ,14
201605   ,LESZEK BALCEROWICZ     ,18
201804   ,LECH WALESA            ,5
201503   ,CZESTOCHOWA            ,9
201512   ,WARSZAWA               ,5
201507   ,MAREK SAWICKI          ,3
201808   ,GDANSK                 ,239
201809   ,WARSAW                 ,1564
201812   ,POLAND                 ,10704
201604   ,WOJCIECH JARUZELSKI    ,7
201608   ,ZABRZE                 ,17
201810   ,CRACOW                 ,295
201605   ,ZABRZE                 ,5
201903   ,KRAKOW                 ,56
201905   ,KATOWICE               ,73
201808   ,BROMBERG               ,5
201907   ,POLISH                 ,4072
202001   ,BOGDAN ZDROJEWSKI      ,9
201808   ,LESZEK MILLER          ,2
201702   ,LECH KACZYNSKI         ,12
201603   ,POLAND                 ,10663
201703   ,JAROSLAW KACZYNSKI     ,231
201608   ,KRAKOW                 ,539
201608   ,DANZIG                 ,49
201610   ,BRONISLAW KOMOROWSKI   ,14
201609   ,ELZBIETA BIENKOWSKA    ,17
201805   ,GDANSK                 ,222
201804   ,LECH KACZYNSKI         ,40
201506   ,ALEKSANDER KWASNIEWSKI ,2
201510   ,ZABRZE                 ,9
201504   ,BROMBERG               ,28
201606   ,DANZIG                 ,17
201807   ,JAROSLAW KACZYNSKI     ,80
201509   ,BRESLAU                ,13
201608   ,MAREK SAWICKI          ,1
201607   ,ELZBIETA BIENKOWSKA    ,8
201901   ,KRAKAU                 ,4
201810   ,DANZIG                 ,24
201902   ,BRONISLAW KOMOROWSKI   ,2
201810   ,BRONISLAW KOMOROWSKI   ,7
201906   ,POLAND                 ,9721
201908   ,POLEN                  ,2
201903   ,KAZIMIERZ MARCINKIEWICZ,1
202001   ,BYDGOSZCZ              ,57
202001   ,GDANSK                 ,149
201904   ,POLE                   ,2286
201705   ,LUBLIN                 ,166
201509   ,WARSAW                 ,1584
201508   ,KRAKOW                 ,100
201701   ,POLE                   ,3096
201803   ,BRESLAU                ,6
201603   ,POLE                   ,2848
201703   ,ELZBIETA BIENKOWSKA    ,4
201707   ,WOJCIECH JARUZELSKI    ,2
201804   ,LODZ                   ,77
201803   ,WOJCIECH JARUZELSKI    ,5
201505   ,WOJCIECH JARUZELSKI    ,2
201509   ,LODZ                   ,52
201603   ,DANZIG                 ,23
201806   ,CZESTOCHOWA            ,30
201606   ,ZABRZE                 ,7
201512   ,BOGDAN ZDROJEWSKI      ,1
201903   ,KATOWICE               ,110
201512   ,ALEKSANDER KWASNIEWSKI ,2
201910   ,LUBLIN                 ,76
202001   ,POLSKA                 ,14
201703   ,GDANSK                 ,185
201705   ,POLE                   ,2911
201605   ,POLAND                 ,14071
201610   ,LUBLIN                 ,174
201704   ,WARSZAWA               ,4
201801   ,DONALD TUSK            ,169
201506   ,ZABRZE                 ,8
201809   ,CRACOW                 ,141
201603   ,ZABRZE                 ,7
201603   ,POLSKA                 ,13
201808   ,DANZIG                 ,56
201807   ,POLOGNE                ,3
201811   ,ZABRZE                 ,7
201903   ,LECH WALESA            ,12
201811   ,BOGDAN ZDROJEWSKI      ,2
201907   ,WARSAW                 ,1171
202001   ,LECH KACZYNSKI         ,1
201803   ,POLOGNE                ,2
201805   ,ZBIGNIEW MESSNER       ,2
201607   ,BRESLAU                ,2
202003   ,POLE                   ,1737
201710   ,DONALD TUSK            ,716
201607   ,KRAKOW                 ,1461
201610   ,WROCLAW                ,49
201701   ,DONALD TUSK            ,330
201701   ,KATOWICE               ,117
201803   ,BRONISLAW KOMOROWSKI   ,11
201708   ,POLLAND                ,2
201702   ,JERZY BUZEK            ,2
201707   ,POLOGNE                ,2
201509   ,CRACOW                 ,171
201612   ,JERZY SZMAJDZINSKI     ,2
201805   ,LECH KACZYNSKI         ,6
201604   ,LODZ                   ,46
201604   ,CZESTOCHOWA            ,27
201509   ,KATOWICE               ,127
201505   ,BRESLAU                ,3
201510   ,ELZBIETA BIENKOWSKA    ,23
201902   ,GDANSK                 ,252
201902   ,JAROSLAW KACZYNSKI     ,126
201503   ,ALEKSANDER KWASNIEWSKI ,4
201811   ,BRESLAU                ,69
201809   ,LECH KACZYNSKI         ,3
201906   ,LODZ                   ,47
201505   ,JERZY BUZEK            ,1
201909   ,EWA KOPACZ             ,2
201912   ,BROMBERG               ,9
202002   ,DANZIG                 ,25
201610   ,ELZBIETA BIENKOWSKA    ,2
201706   ,WOJCIECH JARUZELSKI    ,1
201903   ,WARSAW                 ,1432
202004   ,LODZ                   ,56
201704   ,DONALD TUSK            ,999
201703   ,EWA KOPACZ             ,3
201611   ,POLSKA                 ,21
201803   ,WROCLAW                ,116
201707   ,LODZ                   ,65
201706   ,POLE                   ,2844
201604   ,POLE                   ,2981
201705   ,BRONISLAW KOMOROWSKI   ,21
201705   ,CZESTOCHOWA            ,16
201801   ,WROCLAW                ,90
201801   ,POLEN                  ,24
201701   ,JACEK ROSTOWSKI        ,2
201504   ,EWA KOPACZ             ,93
201502   ,GDANSK                 ,38
201503   ,EWA KOPACZ             ,60
201603   ,JAROSLAW KACZYNSKI     ,166
201502   ,CZESTOCHOWA            ,2
201503   ,RADOSLAW SIKORSKI      ,6
201503   ,ROBERT KUPIECKI        ,2
201508   ,BRESLAU                ,5
201812   ,KATOWICE               ,1892
201902   ,POLSKA                 ,13
201811   ,POLE                   ,2590
201902   ,WARSZAWA               ,6
201510   ,LESZEK BALCEROWICZ     ,3
201512   ,JERZY HAUSNER          ,3
201904   ,WROCLAW                ,46
201904   ,POLSKA                 ,14
201903   ,JAROSLAW KACZYNSKI     ,110
201908   ,CRACOW                 ,195
201910   ,KATOWICE               ,88
201808   ,JERZY BUZEK            ,1
202002   ,LECH KACZYNSKI         ,10
201908   ,ZABRZE                 ,6
201907   ,ZABRZE                 ,1
201701   ,POLAND                 ,14211
201703   ,LECH KACZYNSKI         ,35
201708   ,POLSKA                 ,21
201803   ,DONALD TUSK            ,1127
201710   ,POLISH                 ,6229
201710   ,KRAKOW                 ,101
201707   ,ELZBIETA BIENKOWSKA    ,26
201802   ,POLE                   ,3380
201801   ,JAROSLAW KACZYNSKI     ,174
201801   ,DANZIG                 ,17
201712   ,JAROSLAW KACZYNSKI     ,124
201708   ,KATOWICE               ,40
201708   ,LECH WALESA            ,8
201602   ,CZESLAW KISZCZAK       ,29
201502   ,LODZ                   ,27
201507   ,LUBLIN                 ,103
201602   ,BRONISLAW KOMOROWSKI   ,10
201502   ,LUBLIN                 ,37
201506   ,POLSKA                 ,11
201810   ,BYDGOSZCZ              ,40
201810   ,BROMBERG               ,17
201607   ,BYDGOSZCZ              ,92
201902   ,BRESLAU                ,60
201606   ,WITOLD SOBKOW          ,5
201602   ,JAN KRZYSZTOF BIELECKI ,1
201907   ,BYDGOSZCZ              ,36
202001   ,WARSZAWA               ,3
202004   ,LUBLIN                 ,63
201704   ,WARSAW                 ,1673
201703   ,POLE                   ,3263
201711   ,WARSAW                 ,2176
201708   ,BRESLAU                ,5
201710   ,BYDGOSZCZ              ,97
201707   ,LECH KACZYNSKI         ,8
201604   ,KATOWICE               ,118
201705   ,POLLAND                ,2
201706   ,WARSAW                 ,1690
201610   ,LESZEK MILLER          ,6
201709   ,LECH KACZYNSKI         ,5
201610   ,JERZY MILLER           ,6
201805   ,KATOWICE               ,191
201612   ,LESZEK MILLER          ,2
201605   ,DONALD TUSK            ,346
201509   ,WROCLAW                ,82
201602   ,LECH KACZYNSKI         ,22
201508   ,LECH KACZYNSKI         ,37
201503   ,TADEUSZ MAZOWIECKI     ,1
201808   ,POLAND                 ,8736
201604   ,WARSZAWA               ,7
201807   ,CZESLAW KISZCZAK       ,2
201901   ,POLISH                 ,6452
201812   ,WARSZAWA               ,2
201604   ,POLOGNE                ,1
201608   ,WARSZAWA               ,2
201908   ,POLSKA                 ,14
201909   ,TADEUSZ MAZOWIECKI     ,1
201907   ,EWA KOPACZ             ,2
201907   ,CZESTOCHOWA            ,15
201511   ,POLOGNE                ,1
201912   ,GDANSK                 ,179
201911   ,WARSAW                 ,1356
201904   ,WOJCIECH JARUZELSKI    ,1
201904   ,LECH WALESA            ,1
201810   ,BOGDAN ZDROJEWSKI      ,1
201703   ,WARSAW                 ,2884
201703   ,BRONISLAW KOMOROWSKI   ,15
201709   ,CRACOW                 ,201
201709   ,JAROSLAW KACZYNSKI     ,137
201708   ,KRAKOW                 ,90
201608   ,POLE                   ,3054
201609   ,JAROSLAW KACZYNSKI     ,121
201707   ,POLISH                 ,8351
201705   ,DONALD TUSK            ,881
201705   ,POLSKA                 ,37
201612   ,WROCLAW                ,83
201702   ,POLSKA                 ,42
201510   ,WARSAW                 ,1324
201610   ,WOJCIECH JARUZELSKI    ,3
201805   ,WROCLAW                ,66
201804   ,JAROSLAW KACZYNSKI     ,215
201805   ,LECH WALESA            ,10
201512   ,LECH WALESA            ,40
201511   ,POLSKA                 ,19
201507   ,POLSKA                 ,7
201601   ,POLLAND                ,2
201509   ,WOJCIECH JARUZELSKI    ,4
201902   ,LESZEK MILLER          ,10
201904   ,CZESTOCHOWA            ,28
201903   ,POLE                   ,2286
201905   ,POLISH                 ,5229
201906   ,CRACOW                 ,143
201902   ,JAN OLSZEWSKI          ,1
201911   ,BROMBERG               ,8
201810   ,WOJCIECH JARUZELSKI    ,2
201904   ,WARSAW                 ,1334
202004   ,WARSZAWA               ,5
201702   ,LODZ                   ,57
201704   ,LECH KACZYNSKI         ,44
201611   ,KRAKOW                 ,165
201708   ,WARSAW                 ,1834
201609   ,DONALD TUSK            ,885
201609   ,LUBLIN                 ,170
201704   ,BOGDAN ZDROJEWSKI      ,1
201705   ,LESZEK BALCEROWICZ     ,1
201512   ,POLAND                 ,10690
201508   ,POLISH                 ,5616
201609   ,EWA KOPACZ             ,5
201506   ,WROCLAW                ,51
201503   ,POLAND                 ,9915
201502   ,POLAND                 ,3878
201506   ,DONALD TUSK            ,941
201511   ,WARSZAWA               ,9
201605   ,BROMBERG               ,21
201509   ,POLEN                  ,3
201602   ,BROMBERG               ,6
201511   ,DANZIG                 ,14
201601   ,ZABRZE                 ,2
201504   ,BOGDAN KLICH           ,5
201806   ,DONALD TUSK            ,611
201806   ,LODZ                   ,74
201910   ,WROCLAW                ,52
201903   ,CZESLAW KISZCZAK       ,2
202001   ,CRACOW                 ,144
201910   ,POLEN                  ,5
202002   ,ALEKSANDER KWASNIEWSKI ,2
201809   ,ELZBIETA BIENKOWSKA    ,1
202003   ,DONALD TUSK            ,32
201611   ,POLE                   ,3518
201707   ,CZESTOCHOWA            ,27
201705   ,POLISH                 ,6398
201611   ,BRONISLAW KOMOROWSKI   ,16
201612   ,LODZ                   ,67
201706   ,POLSKA                 ,22
201506   ,WARSAW                 ,1260
201507   ,CRACOW                 ,169
201605   ,CZESTOCHOWA            ,24
201507   ,DONALD TUSK            ,864
201511   ,BYDGOSZCZ              ,52
201504   ,LUBLIN                 ,81
201512   ,WOJCIECH JARUZELSKI    ,2
201901   ,WARSAW                 ,1921
201810   ,GDANSK                 ,201
201604   ,EWA KOPACZ             ,1
201507   ,WARSZAWA               ,1
201810   ,ELZBIETA BIENKOWSKA    ,1
201909   ,WROCLAW                ,42
202001   ,POLISH                 ,6490
202002   ,POLSKA                 ,9
202002   ,DONALD TUSK            ,78
202002   ,BRONISLAW KOMOROWSKI   ,9
201904   ,TADEUSZ MAZOWIECKI     ,1
202003   ,LUBLIN                 ,117
202004   ,CRACOW                 ,131
201802   ,POLAND                 ,16417
201802   ,ZABRZE                 ,5
201510   ,KRAKOW                 ,170
201511   ,LUBLIN                 ,84
201508   ,BYDGOSZCZ              ,31
201605   ,LODZ                   ,95
201601   ,JAROSLAW KACZYNSKI     ,188
201510   ,POLSKA                 ,17
201604   ,ELZBIETA BIENKOWSKA    ,12
201501   ,KRAKOW                 ,1
201602   ,CZESTOCHOWA            ,19
201805   ,POLLAND                ,5
201807   ,ZABRZE                 ,12
201806   ,BRONISLAW KOMOROWSKI   ,9
201810   ,POLSKA                 ,9
201607   ,CRACOW                 ,1035
201902   ,ELZBIETA BIENKOWSKA    ,2
201908   ,CZESLAW KISZCZAK       ,2
201910   ,CZESTOCHOWA            ,19
201602   ,WOJCIECH JARUZELSKI    ,4
202003   ,WOJCIECH JARUZELSKI    ,2
202004   ,ZABRZE                 ,3
201702   ,WROCLAW                ,91
201711   ,POLEN                  ,5
201612   ,ZABRZE                 ,11
201612   ,BROMBERG               ,30
201608   ,JAROSLAW KACZYNSKI     ,96
201608   ,WROCLAW                ,52
201701   ,DANZIG                 ,7
201510   ,LUBLIN                 ,110
201706   ,ELZBIETA BIENKOWSKA    ,3
201702   ,ELZBIETA BIENKOWSKA    ,12
201602   ,DONALD TUSK            ,994
201606   ,BYDGOSZCZ              ,85
201605   ,CRACOW                 ,278
201506   ,LODZ                   ,43
201605   ,WROCLAW                ,160
201507   ,CZESTOCHOWA            ,19
201505   ,LECH KACZYNSKI         ,43
201504   ,CEZARY GRABARCZYK      ,5
201605   ,KRZYSZTOF KWIATKOWSKI  ,2
201510   ,KRZYSZTOF KWIATKOWSKI  ,3
201807   ,CZESTOCHOWA            ,26
201503   ,CZESLAW KISZCZAK       ,3
201808   ,POLEN                  ,7
201511   ,LECH WALESA            ,13
201811   ,DANZIG                 ,36
201810   ,WARSAW                 ,1488
201607   ,DONALD TUSK            ,593
201607   ,WOJCIECH JARUZELSKI    ,1
201812   ,LECH KACZYNSKI         ,8
201502   ,WITOLD SOBKOW          ,2
201908   ,BROMBERG               ,10
201904   ,JERZY BUZEK            ,1
201905   ,JAN VINCENT ROSTOWSKI  ,5
201706   ,BOGDAN ZDROJEWSKI      ,3
201704   ,BYDGOSZCZ              ,87
201609   ,KATOWICE               ,92
201803   ,KATOWICE               ,141
201508   ,WARSAW                 ,1387
201701   ,MAREK BELKA            ,3
201802   ,BROMBERG               ,75
201711   ,LESZEK MILLER          ,1
201702   ,POLEN                  ,2
201701   ,WARSZAWA               ,1
201709   ,WARSZAWA               ,6
201805   ,POLISH                 ,6193
201507   ,BYDGOSZCZ              ,43
201511   ,EWA KOPACZ             ,64
201509   ,POLSKA                 ,15
201807   ,POLAND                 ,11231
201601   ,WALDEMAR PAWLAK        ,4
201806   ,POLE                   ,2408
201509   ,WARSZAWA               ,4
201502   ,LESZEK MILLER          ,2
201812   ,JAROSLAW KACZYNSKI     ,56
201509   ,MAREK BELKA            ,3
201606   ,JAN OLSZEWSKI          ,16
201905   ,LESZEK MILLER          ,3
201912   ,LUBLIN                 ,69
201912   ,CZESTOCHOWA            ,10
202002   ,POLAND                 ,7990
202002   ,ZABRZE                 ,6
202002   ,BRESLAU                ,11
201911   ,GDANSK                 ,151
201711   ,POLE                   ,3232
201708   ,LODZ                   ,84
201711   ,POLSKA                 ,18
201705   ,WROCLAW                ,97
201802   ,CRACOW                 ,228
201612   ,CRACOW                 ,296
201612   ,KATOWICE               ,111
201610   ,KATOWICE               ,107
201606   ,POLAND                 ,17492
201504   ,POLSKA                 ,19
201505   ,WARSAW                 ,1610
201511   ,DONALD TUSK            ,611
201503   ,KRAKOW                 ,87
201511   ,JAN OLSZEWSKI          ,29
201601   ,ELZBIETA BIENKOWSKA    ,24
201603   ,BRESLAU                ,4
201606   ,POLSKA                 ,16
201807   ,LODZ                   ,67
201902   ,DANZIG                 ,12
201512   ,ZABRZE                 ,2
201902   ,POLLAND                ,2
201903   ,POLLAND                ,3
201905   ,BROMBERG               ,7
201907   ,BOGDAN ZDROJEWSKI      ,1
201605   ,LECH WALESA            ,1
201906   ,DANZIG                 ,28
201910   ,BRESLAU                ,4
201806   ,LESZEK MILLER          ,1
201609   ,POLISH                 ,7395
201709   ,WROCLAW                ,62
201803   ,POLISH                 ,8513
201608   ,POLISH                 ,6070
201612   ,POLSKA                 ,26
201608   ,CZESTOCHOWA            ,54
201601   ,GDANSK                 ,130
201801   ,BROMBERG               ,19
201712   ,BROMBERG               ,27
201507   ,WARSAW                 ,1301
201505   ,CRACOW                 ,136
201603   ,POLEN                  ,7
201603   ,RADOSLAW SIKORSKI      ,5
201606   ,LECH KACZYNSKI         ,39
201604   ,LECH KACZYNSKI         ,26
201806   ,POLSKA                 ,15
201806   ,LECH KACZYNSKI         ,21
201808   ,CZESTOCHOWA            ,31
201605   ,POLEN                  ,7
201910   ,CRACOW                 ,172
201909   ,BROMBERG               ,23
201906   ,POLLAND                ,2
201909   ,POLOGNE                ,1
201906   ,ZABRZE                 ,1
201908   ,BOGDAN ZDROJEWSKI      ,1
201504   ,KRYSTYNA LYBACKA       ,1
201602   ,POLAND                 ,11727
201703   ,POLISH                 ,9474
201703   ,CRACOW                 ,246
201611   ,ZABRZE                 ,20
201708   ,POLAND                 ,10810
201707   ,DANZIG                 ,32
201802   ,WARSAW                 ,1917
201802   ,BYDGOSZCZ              ,44
201511   ,JAROSLAW KACZYNSKI     ,102
201612   ,LUBLIN                 ,123
201608   ,KATOWICE               ,89
201701   ,WOJCIECH JARUZELSKI    ,3
201801   ,CRACOW                 ,278
201604   ,ZABRZE                 ,19
201807   ,POLEN                  ,3
201902   ,KRAKOW                 ,66
201807   ,WARSZAWA               ,10
201901   ,LECH WALESA            ,27
201510   ,WOJCIECH JARUZELSKI    ,1
201905   ,GDANSK                 ,139
201908   ,LUBLIN                 ,71
201903   ,ZABRZE                 ,1
201502   ,ALEKSANDER KWASNIEWSKI ,3
202004   ,KRAKOW                 ,39
201704   ,GDANSK                 ,185
201802   ,WOJCIECH JARUZELSKI    ,2
201803   ,DANZIG                 ,11
201606   ,WROCLAW                ,79
201702   ,BRESLAU                ,9
201606   ,LUBLIN                 ,166
201707   ,CZESLAW KISZCZAK       ,4
201804   ,GDANSK                 ,185
201603   ,DONALD TUSK            ,1678
201504   ,LECH WALESA            ,9
201510   ,ALEKSANDER KWASNIEWSKI ,4
201807   ,POLISH                 ,6139
201602   ,MAREK BELKA            ,4
201809   ,LECH WALESA            ,18
201507   ,LESZEK MILLER          ,8
201904   ,DANZIG                 ,19
201905   ,WROCLAW                ,49
201910   ,GDANSK                 ,144
201902   ,CZESLAW KISZCZAK       ,1
201907   ,CRACOW                 ,149
201903   ,BOGDAN ZDROJEWSKI      ,2
201912   ,POLLAND                ,7
201505   ,WITOLD SOBKOW          ,1
202003   ,WARSAW                 ,746
202004   ,WROCLAW                ,43
201701   ,POLISH                 ,7088
201709   ,DONALD TUSK            ,312
201710   ,WROCLAW                ,133
201802   ,WROCLAW                ,58
201612   ,BRONISLAW KOMOROWSKI   ,10
201608   ,DONALD TUSK            ,120
201601   ,WROCLAW                ,76
201610   ,BRESLAU                ,16
201610   ,BOGDAN ZDROJEWSKI      ,4
201708   ,WALDEMAR PAWLAK        ,1
201602   ,GDANSK                 ,154
201501   ,POLAND                 ,132
201710   ,POLEN                  ,1
201606   ,GDANSK                 ,166
201508   ,LODZ                   ,45
201502   ,POLEN                  ,3
201808   ,POLE                   ,2128
201808   ,BRONISLAW KOMOROWSKI   ,7
201507   ,POLEN                  ,3
201811   ,LODZ                   ,57
201607   ,LODZ                   ,84
201907   ,GDANSK                 ,190
201905   ,WARSZAWA               ,3
201912   ,WROCLAW                ,68
202002   ,POLISH                 ,3815
201812   ,POLLAND                ,2
201911   ,TADEUSZ MAZOWIECKI     ,1
202003   ,WROCLAW                ,70
201702   ,KATOWICE               ,157
201703   ,POLLAND                ,6
201703   ,RADOSLAW SIKORSKI      ,16
201611   ,WARSAW                 ,1909
201711   ,BYDGOSZCZ              ,74
201705   ,JAROSLAW KACZYNSKI     ,104
201612   ,DONALD TUSK            ,284
201801   ,LECH WALESA            ,2
201712   ,CZESTOCHOWA            ,27
201709   ,WOJCIECH JARUZELSKI    ,7
201612   ,JACEK ROSTOWSKI        ,2
201805   ,LUBLIN                 ,139
201612   ,POLEN                  ,2
201803   ,ZABRZE                 ,6
201503   ,LUBLIN                 ,105
201604   ,BROMBERG               ,11
201505   ,POLSKA                 ,16
201807   ,KATOWICE               ,90
201806   ,KATOWICE               ,85
201506   ,WITOLD SOBKOW          ,5
201508   ,WOJCIECH JARUZELSKI    ,3
201807   ,LECH KACZYNSKI         ,7
201811   ,POLSKA                 ,17
201809   ,BRONISLAW KOMOROWSKI   ,6
201501   ,GDANSK                 ,1
201602   ,WARSZAWA               ,6
201908   ,DANZIG                 ,18
201910   ,POLISH                 ,4006
201910   ,WARSAW                 ,1351
201904   ,BOGDAN ZDROJEWSKI      ,1
201903   ,POLND                  ,1
201912   ,BRESLAU                ,7
201512   ,MAREK BELKA            ,1
201604   ,POLAND                 ,11489
201511   ,POLISH                 ,6164
201611   ,KATOWICE               ,119
201705   ,DANZIG                 ,26
201701   ,LODZ                   ,101
201708   ,RADOSLAW SIKORSKI      ,3
201601   ,BYDGOSZCZ              ,51
201712   ,DONALD TUSK            ,725
201609   ,LECH WALESA            ,11
201611   ,POLLAND                ,1
201502   ,JAROSLAW KACZYNSKI     ,39
201503   ,KATOWICE               ,72
201503   ,BYDGOSZCZ              ,41
201601   ,CZESTOCHOWA            ,14
201603   ,WARSZAWA               ,3
201806   ,POLAND                 ,11536
201509   ,ELZBIETA BIENKOWSKA    ,16
201506   ,BRESLAU                ,7
201901   ,BRONISLAW KOMOROWSKI   ,4
201904   ,JAROSLAW KACZYNSKI     ,150
201905   ,DONALD TUSK            ,383
201910   ,WOJCIECH JARUZELSKI    ,5
201907   ,WROCLAW                ,30
201907   ,LECH KACZYNSKI         ,24
202001   ,BROMBERG               ,26
201803   ,JERZY BUZEK            ,1
202002   ,BYDGOSZCZ              ,49
201606   ,LESZEK BALCEROWICZ     ,6
202003   ,JAROSLAW KACZYNSKI     ,41
202004   ,POLAND                 ,5964
201609   ,GDANSK                 ,234
201707   ,BROMBERG               ,8
201705   ,KRAKOW                 ,66
201610   ,KRAKOW                 ,131
201701   ,ZABRZE                 ,16
201506   ,LECH WALESA            ,7
201508   ,KRAKAU                 ,2
201602   ,KATOWICE               ,85
201508   ,POLOGNE                ,1
201806   ,JAROSLAW KACZYNSKI     ,140
201502   ,BYDGOSZCZ              ,12
201809   ,RADOSLAW SIKORSKI      ,9
201606   ,ALEKSANDER KWASNIEWSKI ,4
201912   ,POLISH                 ,4046
202002   ,JAROSLAW KACZYNSKI     ,23
201806   ,WARSZAWA               ,2
201806   ,CZESLAW KISZCZAK       ,2
201604   ,MIECZYSLAW RAKOWSKI    ,1
201512   ,EWA KOPACZ             ,1
201703   ,CZESTOCHOWA            ,29
201611   ,BYDGOSZCZ              ,70
201611   ,LESZEK BALCEROWICZ     ,4
201510   ,POLISH                 ,5535
201802   ,WARSZAWA               ,1
201606   ,POLISH                 ,8374
201702   ,BRONISLAW KOMOROWSKI   ,6
201703   ,LESZEK BALCEROWICZ     ,5
201701   ,EWA KOPACZ             ,1
201609   ,JAN KRZYSZTOF BIELECKI ,4
201506   ,POLAND                 ,9023
201512   ,BRONISLAW KOMOROWSKI   ,54
201601   ,LUBLIN                 ,129
201605   ,JAROSLAW KACZYNSKI     ,133
201510   ,KATOWICE               ,152
201510   ,POLEN                  ,9
201512   ,POLSKA                 ,10
201502   ,EWA KOPACZ             ,27
201801   ,JACEK ROSTOWSKI        ,1
201806   ,BROMBERG               ,14
201810   ,KRAKOW                 ,105
201810   ,POLLAND                ,3
201811   ,BROMBERG               ,23
201807   ,POLLAND                ,9
201912   ,LODZ                   ,92
201912   ,DANZIG                 ,13
201503   ,WALDEMAR PAWLAK        ,1
202004   ,KATOWICE               ,31
201709   ,WARSAW                 ,1612
201608   ,POLAND                 ,12757
201705   ,BRESLAU                ,6
201701   ,CZESTOCHOWA            ,24
201803   ,BROMBERG               ,4
201606   ,KRAKOW                 ,175
201712   ,DANZIG                 ,13
201709   ,LECH WALESA            ,2
201708   ,ALEKSANDER KWASNIEWSKI ,1
201502   ,POLISH                 ,1987
201601   ,DONALD TUSK            ,325
201509   ,BRONISLAW KOMOROWSKI   ,37
201508   ,JAROSLAW KACZYNSKI     ,31
201506   ,CZESLAW KISZCZAK       ,16
201508   ,LESZEK MILLER          ,9
201807   ,LUBLIN                 ,114
201506   ,POLEN                  ,9
201604   ,WITOLD SOBKOW          ,2
201809   ,LODZ                   ,51
201510   ,JACEK ROSTOWSKI        ,1
201606   ,BROMBERG               ,22
201508   ,RADOSLAW SIKORSKI      ,1
201903   ,LODZ                   ,46
201605   ,ALEKSANDER KWASNIEWSKI ,4
201810   ,RADOSLAW SIKORSKI      ,7
201905   ,WARSAW                 ,1359
201904   ,KRZYSZTOF KWIATKOWSKI  ,3
201912   ,POLE                   ,2440
201501   ,CRACOW                 ,2
202002   ,LECH WALESA            ,5
201903   ,POLAND                 ,9179
201602   ,KRAKOW                 ,81
201611   ,KRAKAU                 ,1
201710   ,ZABRZE                 ,7
201705   ,GDANSK                 ,129
201706   ,DANZIG                 ,7
201612   ,WARSZAWA               ,7
201708   ,MAREK BELKA            ,3
201712   ,KRAKOW                 ,55
201610   ,EWA KOPACZ             ,14
201701   ,CZESLAW KISZCZAK       ,1
201801   ,BRONISLAW KOMOROWSKI   ,1
201804   ,POLEN                  ,8
201508   ,KATOWICE               ,78
201808   ,JAROSLAW KACZYNSKI     ,66
201808   ,WARSAW                 ,1541
201811   ,KATOWICE               ,308
201810   ,JAROSLAW KACZYNSKI     ,118
201607   ,BRONISLAW KOMOROWSKI   ,18
201904   ,LESZEK MILLER          ,2
201905   ,CZESTOCHOWA            ,20
201905   ,WOJCIECH JARUZELSKI    ,1
201605   ,JERZY BUZEK            ,2
201903   ,POLEN                  ,1
201907   ,KATOWICE               ,101
202001   ,POLAND                 ,12013
201904   ,CZESLAW KISZCZAK       ,3
201909   ,DANZIG                 ,13
201812   ,KRAKAU                 ,1
201907   ,LESZEK MILLER          ,1
201605   ,BOGDAN ZDROJEWSKI      ,1
201607   ,EWA KOPACZ             ,2
201911   ,LESZEK MILLER          ,1
201702   ,CZESLAW KISZCZAK       ,2
201705   ,ZABRZE                 ,10
201612   ,BYDGOSZCZ              ,67
201803   ,LECH WALESA            ,3
201801   ,GDANSK                 ,178
201701   ,KAZIMIERZ MARCINKIEWICZ,1
201712   ,KATOWICE               ,132
201601   ,KATOWICE               ,53
201503   ,POLE                   ,2600
201601   ,DANZIG                 ,14
201806   ,BRESLAU                ,7
201809   ,POLSKA                 ,15
201901   ,LODZ                   ,59
201809   ,CZESTOCHOWA            ,14
201607   ,LUBLIN                 ,103
201812   ,BRESLAU                ,12
201908   ,WARSZAWA               ,5
201812   ,CZESLAW KISZCZAK       ,2
201904   ,WARSZAWA               ,7
201806   ,POLOGNE                ,1
201710   ,BOGDAN ZDROJEWSKI      ,1
201606   ,JERZY BUZEK            ,1
201611   ,POLEN                  ,1
202004   ,BYDGOSZCZ              ,48
202004   ,POLISH                 ,3194
201704   ,CRACOW                 ,224
201709   ,LODZ                   ,70
201709   ,BYDGOSZCZ              ,49
201711   ,POLAND                 ,14347
201803   ,BYDGOSZCZ              ,56
201607   ,POLE                   ,3825
201611   ,EWA KOPACZ             ,2
201608   ,CRACOW                 ,409
201610   ,CRACOW                 ,273
201610   ,LODZ                   ,105
201606   ,JAROSLAW KACZYNSKI     ,166
201706   ,LECH KACZYNSKI         ,41
201801   ,RADOSLAW SIKORSKI      ,1
201712   ,WARSZAWA               ,9
201510   ,LECH KACZYNSKI         ,48
201512   ,LUBLIN                 ,102
201704   ,WOJCIECH JARUZELSKI    ,1
201505   ,CZESTOCHOWA            ,25
201506   ,LECH KACZYNSKI         ,11
201512   ,BYDGOSZCZ              ,53
201702   ,WARSZAWA               ,2
201808   ,KRAKOW                 ,83
201809   ,GDANSK                 ,150
201508   ,MAREK BELKA            ,1
201812   ,LODZ                   ,45
201812   ,DANZIG                 ,7
201902   ,JERZY BUZEK            ,6
201901   ,BYDGOSZCZ              ,36
201906   ,BYDGOSZCZ              ,48
201807   ,LESZEK BALCEROWICZ     ,2
201511   ,LESZEK BALCEROWICZ     ,1
202001   ,JAROSLAW KACZYNSKI     ,42
201911   ,CZESTOCHOWA            ,17
201901   ,CZESLAW KISZCZAK       ,3
201708   ,LUBLIN                 ,117
201803   ,LUBLIN                 ,155
201710   ,DANZIG                 ,17
201609   ,CZESTOCHOWA            ,32
201610   ,POLISH                 ,8657
201711   ,JERZY BUZEK            ,5
201707   ,POLE                   ,3356
201510   ,POLAND                 ,11163
201701   ,RADOSLAW SIKORSKI      ,2
201707   ,LESZEK MILLER          ,9
201707   ,ALEKSANDER KWASNIEWSKI ,1
201605   ,BRESLAU                ,18
201508   ,GDANSK                 ,216
201510   ,CZESTOCHOWA            ,12
201605   ,POLSKA                 ,20
201512   ,DANZIG                 ,15
201506   ,JACEK ROSTOWSKI        ,1
201506   ,LESZEK BALCEROWICZ     ,4
201809   ,BROMBERG               ,8
201811   ,BYDGOSZCZ              ,55
201503   ,LESZEK MILLER          ,1
201904   ,LUBLIN                 ,85
201909   ,POLAND                 ,11696
201909   ,WOJCIECH JARUZELSKI    ,4
202002   ,KRAKOW                 ,90
201911   ,KRAKOW                 ,54
201911   ,WROCLAW                ,38
201811   ,POLLAND                ,1
201702   ,ZABRZE                 ,31
201802   ,POLISH                 ,10550
201609   ,LODZ                   ,53
201802   ,JAROSLAW KACZYNSKI     ,122
201609   ,JERZY MILLER           ,8
201610   ,LECH WALESA            ,13
201801   ,ZABRZE                 ,9
201801   ,BRESLAU                ,14
201509   ,KRAKOW                 ,68
201606   ,KATOWICE               ,105
201505   ,POLE                   ,2319
201504   ,POLISH                 ,7476
201605   ,BYDGOSZCZ              ,71
201502   ,BROMBERG               ,9
201804   ,TOMASZ ARABSKI         ,1
201606   ,CRACOW                 ,345
201807   ,POLE                   ,2871
201807   ,CRACOW                 ,176
201603   ,CZESLAW KISZCZAK       ,7
201812   ,RADOSLAW SIKORSKI      ,2
201607   ,POLEN                  ,13
201902   ,ALEKSANDER KWASNIEWSKI ,2
201905   ,LODZ                   ,39
201909   ,POLSKA                 ,13
201903   ,WOJCIECH JARUZELSKI    ,4
201907   ,POLEN                  ,3
201911   ,BYDGOSZCZ              ,38
201911   ,DONALD TUSK            ,232
201509   ,LESZEK BALCEROWICZ     ,1
202003   ,POLLAND                ,2
201601   ,WOJCIECH JARUZELSKI    ,1
201606   ,WLODZIMIERZ CIMOSZEWICZ,1
201906   ,CZESLAW KISZCZAK       ,2
201702   ,WARSAW                 ,2041
201704   ,ELZBIETA BIENKOWSKA    ,10
201509   ,POLAND                 ,13337
201711   ,JAROSLAW KACZYNSKI     ,187
201707   ,LECH WALESA            ,111
201605   ,WARSAW                 ,2492
201801   ,CZESTOCHOWA            ,16
201710   ,BRESLAU                ,12
201709   ,BRONISLAW KOMOROWSKI   ,6
201805   ,POLAND                 ,11587
201612   ,WOJCIECH JARUZELSKI    ,11
201511   ,KATOWICE               ,96
201602   ,LUBLIN                 ,80
201511   ,BROMBERG               ,21
201503   ,BROMBERG               ,22
201506   ,BOGDAN KLICH           ,1
201805   ,JAN OLSZEWSKI          ,4
201807   ,DONALD TUSK            ,587
201605   ,LECH KACZYNSKI         ,7
201612   ,JAN OLSZEWSKI          ,13
201902   ,BYDGOSZCZ              ,47
201509   ,LECH KACZYNSKI         ,9
201705   ,RADOSLAW SIKORSKI      ,2
201905   ,POLE                   ,2446
201905   ,CRACOW                 ,226
201908   ,WARSAW                 ,1826
201909   ,DONALD TUSK            ,343
201903   ,JERZY BUZEK            ,8
201907   ,LODZ                   ,35
202002   ,POLEN                  ,12
201604   ,MAREK BELKA            ,1
201709   ,LUBLIN                 ,160
201611   ,CZESTOCHOWA            ,15
201803   ,POLAND                 ,15423
201701   ,POLSKA                 ,13
201703   ,JACEK ROSTOWSKI        ,2
201804   ,CZESTOCHOWA            ,27
201510   ,GDANSK                 ,129
201511   ,CRACOW                 ,209
201604   ,BYDGOSZCZ              ,66
201601   ,LECH KACZYNSKI         ,16
201603   ,CZESTOCHOWA            ,25
201505   ,DANZIG                 ,60
201606   ,CZESTOCHOWA            ,23
201807   ,WROCLAW                ,51
201602   ,POLSKA                 ,17
201803   ,ALEKSANDER KWASNIEWSKI ,1
201502   ,RADOSLAW SIKORSKI      ,1
201808   ,BRESLAU                ,6
201909   ,WARSAW                 ,1908
201601   ,RADOSLAW SIKORSKI      ,2
201809   ,WOJCIECH JARUZELSKI    ,3
201909   ,LUBLIN                 ,106
201902   ,KAZIMIERZ MARCINKIEWICZ,2
201811   ,POLEN                  ,1
202002   ,WROCLAW                ,85
201910   ,LESZEK BALCEROWICZ     ,1
201505   ,CEZARY GRABARCZYK      ,1
201910   ,BOGDAN ZDROJEWSKI      ,2
202003   ,POLISH                 ,3804
202003   ,LECH KACZYNSKI         ,3
201904   ,POLISH                 ,4536
201703   ,KRAKOW                 ,114
201611   ,WROCLAW                ,80
201711   ,CRACOW                 ,378
201711   ,POLISH                 ,7892
201609   ,ZABRZE                 ,9
201612   ,POLISH                 ,8001
201610   ,BROMBERG               ,14
201706   ,LUBLIN                 ,122
201607   ,GDANSK                 ,181
201611   ,LECH WALESA            ,11
201804   ,DANZIG                 ,14
201506   ,POLISH                 ,4444
201506   ,CRACOW                 ,118
201504   ,KATOWICE               ,79
201509   ,EWA KOPACZ             ,98
201603   ,BROMBERG               ,27
201506   ,LUBLIN                 ,68
201503   ,LECH KACZYNSKI         ,8
201601   ,CZESLAW KISZCZAK       ,2
201604   ,BRESLAU                ,6
201809   ,BYDGOSZCZ              ,71
201809   ,EWA KOPACZ             ,4
201612   ,BOGDAN KLICH           ,1
201901   ,GDANSK                 ,949
201811   ,JAROSLAW KACZYNSKI     ,103
201504   ,RADOSLAW SIKORSKI      ,6
201608   ,POLEN                  ,8
201812   ,LECH WALESA            ,27
201910   ,BYDGOSZCZ              ,61
201904   ,POLLAND                ,1
201908   ,DONALD TUSK            ,929
201906   ,LECH WALESA            ,5
201909   ,LESZEK MILLER          ,6
201911   ,LECH KACZYNSKI         ,4
201904   ,POLAND                 ,8560
202004   ,GDANSK                 ,126
201710   ,KATOWICE               ,99
201609   ,CRACOW                 ,181
201509   ,DONALD TUSK            ,896
201707   ,KRAKOW                 ,312
201801   ,POLE                   ,2696
201612   ,GDANSK                 ,228
201508   ,POLAND                 ,9807
201601   ,WARSAW                 ,1846
201608   ,LECH WALESA            ,6
201609   ,POLLAND                ,12
201610   ,DANZIG                 ,17
201706   ,BROMBERG               ,8
201712   ,LECH KACZYNSKI         ,9
201505   ,POLISH                 ,5425
201507   ,KRAKOW                 ,117
201505   ,KATOWICE               ,58
201707   ,WALDEMAR PAWLAK        ,2
201806   ,DANZIG                 ,33
201504   ,POLEN                  ,5
201607   ,POLSKA                 ,15
201901   ,WARSZAWA               ,1
201904   ,KRAKOW                 ,132
201903   ,BROMBERG               ,16
201602   ,POLLAND                ,2
201601   ,MAREK BELKA            ,2
201906   ,WROCLAW                ,57
201910   ,BROMBERG               ,27
201809   ,JAN OLSZEWSKI          ,2
201909   ,CRACOW                 ,140
202002   ,POLE                   ,1983
201607   ,CZESLAW KISZCZAK       ,2
201704   ,KRAKOW                 ,80
201704   ,BRONISLAW KOMOROWSKI   ,12
201610   ,WARSAW                 ,2044
201803   ,POLEN                  ,39
201609   ,WARSZAWA               ,7
201803   ,GRZEGORZ KOLODKO       ,3
201511   ,GDANSK                 ,142
201804   ,POLE                   ,2632
201512   ,DONALD TUSK            ,401
201507   ,GDANSK                 ,125
201503   ,LODZ                   ,65
201511   ,LECH KACZYNSKI         ,28
201506   ,DANZIG                 ,21
201501   ,LUBLIN                 ,5
201809   ,BRESLAU                ,3
201809   ,DONALD TUSK            ,669
201902   ,CRACOW                 ,105
201506   ,LESZEK MILLER          ,4
201811   ,POLISH                 ,5737
201811   ,WROCLAW                ,57
201811   ,POLAND                 ,11474
201810   ,DONALD TUSK            ,571
201906   ,POLE                   ,2361
201909   ,LECH KACZYNSKI         ,15
201909   ,ELZBIETA BIENKOWSKA    ,4
202002   ,TADEUSZ MAZOWIECKI     ,2
201908   ,POLOGNE                ,1
201601   ,POLOGNE                ,1
201511   ,WALDEMAR PAWLAK        ,1
201510   ,MAREK BELKA            ,2
201704   ,POLSKA                 ,27
201704   ,DANZIG                 ,27
201710   ,WARSAW                 ,1795
201609   ,BYDGOSZCZ              ,109
201707   ,POLSKA                 ,24
201802   ,KATOWICE               ,77
201801   ,POLAND                 ,13674
201801   ,BYDGOSZCZ              ,62
201801   ,LUBLIN                 ,151
201610   ,LECH KACZYNSKI         ,24
201711   ,LECH WALESA            ,6
201512   ,POLE                   ,3361
201710   ,LESZEK MILLER          ,1
201603   ,WROCLAW                ,67
201706   ,POLLAND                ,1
201804   ,BYDGOSZCZ              ,85
201512   ,GDANSK                 ,129
201512   ,POLEN                  ,9
201510   ,RADOSLAW SIKORSKI      ,4
201806   ,KRAKOW                 ,97
201808   ,POLISH                 ,4602
201811   ,LECH WALESA            ,4
201511   ,ZABRZE                 ,2
201812   ,BROMBERG               ,5
201610   ,CZESLAW KISZCZAK       ,1
201607   ,ALEKSANDER KWASNIEWSKI ,15
201904   ,DONALD TUSK            ,776
201607   ,POLOGNE                ,1
201710   ,ALEKSANDER KWASNIEWSKI ,1
201909   ,BRONISLAW KOMOROWSKI   ,3
202001   ,DANZIG                 ,16
201912   ,BYDGOSZCZ              ,46
201703   ,POLSKA                 ,42
201705   ,LODZ                   ,61
201705   ,POLOGNE                ,2
201801   ,KRAKOW                 ,155
201701   ,LECH KACZYNSKI         ,19
201802   ,ELZBIETA BIENKOWSKA    ,7
201706   ,ZABRZE                 ,15
201712   ,BRESLAU                ,3
201704   ,LESZEK BALCEROWICZ     ,4
201805   ,POLEN                  ,12
201805   ,JAROSLAW KACZYNSKI     ,51
201501   ,WARSAW                 ,22
201508   ,EWA KOPACZ             ,37
201508   ,DANZIG                 ,35
201505   ,LODZ                   ,47
201501   ,POLE                   ,21
201509   ,LESZEK MILLER          ,3
201809   ,POLE                   ,2492
201607   ,JAROSLAW KACZYNSKI     ,143
201901   ,ALEKSANDER KWASNIEWSKI ,2
201608   ,LESZEK BALCEROWICZ     ,1
201501   ,BYDGOSZCZ              ,1
201810   ,ZABRZE                 ,1
201910   ,ZABRZE                 ,1
201812   ,WOJCIECH JARUZELSKI    ,2
201912   ,WARSAW                 ,1106
201911   ,KATOWICE               ,90
201810   ,WARSZAWA               ,7
202004   ,JAROSLAW KACZYNSKI     ,52
201711   ,KATOWICE               ,147
201610   ,POLE                   ,3131
201607   ,POLAND                 ,23700
201706   ,BRESLAU                ,3
201503   ,WROCLAW                ,49
201508   ,BROMBERG               ,14
201504   ,BRESLAU                ,7
201507   ,RADOSLAW SIKORSKI      ,4
201806   ,POLISH                 ,5549
201807   ,BYDGOSZCZ              ,63
201605   ,MAREK BELKA            ,8
201503   ,WOJCIECH JARUZELSKI    ,2
201607   ,KRAKAU                 ,1
201904   ,GDANSK                 ,189
201903   ,BYDGOSZCZ              ,41
201504   ,LESZEK MILLER          ,1
201602   ,RADOSLAW SIKORSKI      ,1
201908   ,LECH KACZYNSKI         ,17
201710   ,JAN OLSZEWSKI          ,2
201907   ,KRAKOW                 ,86
202001   ,DONALD TUSK            ,48
201612   ,POLE                   ,3970
201711   ,DONALD TUSK            ,417
201604   ,WROCLAW                ,103
201612   ,DANZIG                 ,25
201708   ,POLEN                  ,7
201805   ,LODZ                   ,82
201804   ,LESZEK MILLER          ,7
201711   ,ELZBIETA BIENKOWSKA    ,1
201507   ,JAROSLAW KACZYNSKI     ,28
201601   ,POLSKA                 ,26
201807   ,WARSAW                 ,1705
201507   ,LECH KACZYNSKI         ,10
201901   ,KRAKOW                 ,104
201911   ,DANZIG                 ,24
202003   ,GDANSK                 ,182
201710   ,POLE                   ,2783
201711   ,CZESTOCHOWA            ,13
201704   ,POLEN                  ,4
201705   ,BYDGOSZCZ              ,56
201710   ,WARSZAWA               ,3
201608   ,BRONISLAW KOMOROWSKI   ,14
201512   ,POLISH                 ,5738
201804   ,CRACOW                 ,309
201508   ,DONALD TUSK            ,82
201507   ,BRONISLAW KOMOROWSKI   ,172
201602   ,BYDGOSZCZ              ,47
201502   ,KATOWICE               ,22
201601   ,BRONISLAW KOMOROWSKI   ,35
201505   ,LESZEK MILLER          ,5
201505   ,LECH WALESA            ,8
201809   ,DANZIG                 ,18
201510   ,CZESLAW KISZCZAK       ,5
201803   ,CZESLAW KISZCZAK       ,1
201810   ,BRESLAU                ,7
201902   ,BOGDAN ZDROJEWSKI      ,4
201905   ,POLAND                 ,9827
201905   ,ELZBIETA BIENKOWSKA    ,2
201905   ,ZABRZE                 ,10
201612   ,POLLAND                ,1
201605   ,LESZEK MILLER          ,3
201911   ,BRONISLAW KOMOROWSKI   ,1
201702   ,LECH WALESA            ,29
201710   ,LECH KACZYNSKI         ,24
201609   ,WROCLAW                ,108
201707   ,DONALD TUSK            ,336
201702   ,POLLAND                ,3
201703   ,WOJCIECH JARUZELSKI    ,4
201804   ,WARSAW                 ,1721
201603   ,KRAKOW                 ,132
201504   ,LECH KACZYNSKI         ,20
201509   ,KRZYSZTOF KWIATKOWSKI  ,6
201601   ,BROMBERG               ,13
201503   ,ZABRZE                 ,7
201511   ,LODZ                   ,77
201601   ,LODZ                   ,54
201606   ,MAREK BELKA            ,4
201806   ,WARSAW                 ,1584
201901   ,POLSKA                 ,23
201811   ,CZESTOCHOWA            ,10
201806   ,ZABRZE                 ,12
201509   ,JACEK ROSTOWSKI        ,3
201903   ,WROCLAW                ,33
201907   ,POLSKA                 ,17
202001   ,KRAKOW                 ,195
201912   ,CRACOW                 ,116
202004   ,POLEN                  ,4
201702   ,KRAKOW                 ,129
201608   ,WARSAW                 ,2278
201711   ,BRESLAU                ,5
201701   ,BYDGOSZCZ              ,52
201703   ,BROMBERG               ,11
201712   ,POLEN                  ,16
201804   ,DONALD TUSK            ,326
201805   ,BRESLAU                ,8
201511   ,KRAKOW                 ,150
201502   ,MAREK SAWICKI          ,2
201512   ,LECH KACZYNSKI         ,21
201601   ,LESZEK MILLER          ,3
201806   ,CRACOW                 ,241
201808   ,KATOWICE               ,57
201510   ,BOGDAN ZDROJEWSKI      ,2
201902   ,BROMBERG               ,28
201901   ,WROCLAW                ,43
201605   ,RADOSLAW SIKORSKI      ,6
201810   ,WROCLAW                ,66
201902   ,LECH KACZYNSKI         ,2
201904   ,BRESLAU                ,22
201906   ,KRAKOW                 ,69
201907   ,POLAND                 ,8498
201908   ,BRESLAU                ,8
201905   ,ALEKSANDER KWASNIEWSKI ,1
201903   ,BRONISLAW KOMOROWSKI   ,6
202002   ,WARSAW                 ,1151
202003   ,WARSZAWA               ,12
201712   ,LESZEK MILLER          ,4
201703   ,KATOWICE               ,145
201707   ,BYDGOSZCZ              ,47
201707   ,POLEN                  ,23
201802   ,DANZIG                 ,9
201509   ,POLISH                 ,6776
201608   ,LUBLIN                 ,152
201704   ,LECH WALESA            ,14
201802   ,LECH WALESA            ,11
201606   ,POLE                   ,3905
201611   ,BOGDAN ZDROJEWSKI      ,1
201509   ,LECH WALESA            ,45
201605   ,JAROSLAW KALINOWSKI    ,2
201511   ,CZESLAW KISZCZAK       ,18
201512   ,BROMBERG               ,21
201507   ,ZABRZE                 ,9
201503   ,BRESLAU                ,15
201808   ,LODZ                   ,45
201812   ,KRAKOW                 ,104
201901   ,DONALD TUSK            ,509
201809   ,WARSZAWA               ,3
201810   ,KATOWICE               ,180
201812   ,POLSKA                 ,9
201809   ,CZESLAW KISZCZAK       ,2
201605   ,WARSZAWA               ,2
201505   ,JACEK ROSTOWSKI        ,2
201509   ,RADOSLAW SIKORSKI      ,2
201905   ,LECH WALESA            ,1
201904   ,BROMBERG               ,52
201910   ,BRONISLAW KOMOROWSKI   ,8
202001   ,RADOSLAW SIKORSKI      ,14
201502   ,WOJCIECH JARUZELSKI    ,2
201911   ,LECH WALESA            ,9
202004   ,POLE                   ,1377
201704   ,POLE                   ,2882
201609   ,POLAND                 ,13013
201711   ,LUBLIN                 ,165
201707   ,LUBLIN                 ,137
201601   ,POLE                   ,2887
201706   ,GDANSK                 ,193
201705   ,BOGDAN ZDROJEWSKI      ,1
201805   ,BROMBERG               ,18
201507   ,LODZ                   ,71
201506   ,KRAKOW                 ,74
201510   ,DONALD TUSK            ,500
201507   ,DANZIG                 ,29
201505   ,DONALD TUSK            ,177
201512   ,KATOWICE               ,64
201602   ,ALEKSANDER KWASNIEWSKI ,15
201606   ,DONALD TUSK            ,1053
201502   ,DANZIG                 ,5
201504   ,CZESLAW KISZCZAK       ,4
201508   ,POLSKA                 ,6
201901   ,POLAND                 ,12941
201809   ,BOGDAN KLICH           ,2
201604   ,MICHAL KLEIBER         ,1
201904   ,LODZ                   ,59
201906   ,JAROSLAW KACZYNSKI     ,138
201908   ,LECH WALESA            ,9
201910   ,KRAKOW                 ,66
201810   ,LECH KACZYNSKI         ,6
201909   ,BYDGOSZCZ              ,46
201601   ,BRESLAU                ,2
202002   ,KATOWICE               ,98
201606   ,POLLAND                ,2
201902   ,POLEN                  ,2
201611   ,GDANSK                 ,187
201710   ,LUBLIN                 ,246
201711   ,KRAKOW                 ,68
201802   ,ALEKSANDER KWASNIEWSKI ,5
201612   ,JAROSLAW KACZYNSKI     ,315
201701   ,ELZBIETA BIENKOWSKA    ,4
201801   ,LECH KACZYNSKI         ,6
201706   ,DONALD TUSK            ,660
201708   ,WOJCIECH JARUZELSKI    ,7
201602   ,JAROSLAW KACZYNSKI     ,138
201510   ,LODZ                   ,68
201712   ,WOJCIECH JARUZELSKI    ,5
201612   ,LECH WALESA            ,18
201805   ,WARSAW                 ,1901
201805   ,BYDGOSZCZ              ,52
201603   ,CRACOW                 ,258
201502   ,POLE                   ,802
201512   ,LODZ                   ,42
201806   ,GDANSK                 ,164
201809   ,POLAND                 ,11640
201901   ,POLEN                  ,19
201603   ,LESZEK MILLER          ,2
201904   ,RADOSLAW SIKORSKI      ,2
201907   ,BRESLAU                ,2
201911   ,CRACOW                 ,227
201907   ,ELZBIETA BIENKOWSKA    ,2
201605   ,JAN OLSZEWSKI          ,20
201607   ,KRZYSZTOF KWIATKOWSKI  ,15
202003   ,POLAND                 ,7626
201802   ,POLOGNE                ,1
201607   ,WARSAW                 ,7229
201711   ,LECH KACZYNSKI         ,5
201602   ,POLE                   ,3116
201701   ,LESZEK MILLER          ,2
201712   ,POLAND                 ,12521
201706   ,KATOWICE               ,103
201801   ,ELZBIETA BIENKOWSKA    ,2
201703   ,WARSZAWA               ,2
201706   ,LESZEK MILLER          ,4
201502   ,BRONISLAW KOMOROWSKI   ,78
201505   ,BYDGOSZCZ              ,29
201505   ,KRAKOW                 ,98
201601   ,LECH WALESA            ,7
201502   ,CRACOW                 ,60
201603   ,LECH WALESA            ,16
201606   ,RADOSLAW SIKORSKI      ,2
201805   ,ZABRZE                 ,6
201809   ,LUBLIN                 ,133
201901   ,BRESLAU                ,13
201606   ,LECH WALESA            ,3
201911   ,POLAND                 ,8445
202002   ,LODZ                   ,45
201912   ,LESZEK BALCEROWICZ     ,1
201912   ,POLEN                  ,2
201609   ,POLE                   ,3445
201711   ,DANZIG                 ,5
201610   ,CZESTOCHOWA            ,39
201712   ,WARSAW                 ,1655
201712   ,LODZ                   ,147
201707   ,BRONISLAW KOMOROWSKI   ,10
201506   ,CZESTOCHOWA            ,27
201502   ,KRAKOW                 ,90
201808   ,BYDGOSZCZ              ,43
201809   ,KATOWICE               ,182
201507   ,WALDEMAR PAWLAK        ,2
201811   ,GDANSK                 ,104
201901   ,BROMBERG               ,6
201703   ,BOGDAN ZDROJEWSKI      ,13
201902   ,LECH WALESA            ,7
201602   ,ELZBIETA BIENKOWSKA    ,1
201508   ,BOGDAN ZDROJEWSKI      ,2
201509   ,JAN OLSZEWSKI          ,2
201812   ,POLEN                  ,4
201904   ,CRACOW                 ,177
201905   ,BYDGOSZCZ              ,50
201908   ,POLE                   ,2153
201909   ,LODZ                   ,45
201810   ,POLEN                  ,7
201703   ,POLAND                 ,17171
201709   ,JERZY BUZEK            ,1
201608   ,BRESLAU                ,12
201610   ,BYDGOSZCZ              ,128
201801   ,POLSKA                 ,10
201710   ,BROMBERG               ,9
201504   ,POLE                   ,2805
201502   ,WROCLAW                ,12
201505   ,CZESLAW KISZCZAK       ,2
201502   ,ZABRZE                 ,3
201507   ,ELZBIETA BIENKOWSKA    ,8
201510   ,JERZY BUZEK            ,3
201602   ,POLEN                  ,8
201812   ,WARSAW                 ,1068
201812   ,WROCLAW                ,50
201605   ,EWA KOPACZ             ,2
201809   ,BOGDAN ZDROJEWSKI      ,1
201810   ,POLAND                 ,10152
201607   ,LECH WALESA            ,47
201902   ,RADOSLAW SIKORSKI      ,2
201906   ,POLISH                 ,4481
201808   ,POLSKA                 ,6
201910   ,POLE                   ,2314
201905   ,KRAKOW                 ,92
201903   ,POLSKA                 ,16
202001   ,CZESTOCHOWA            ,11
201911   ,POLISH                 ,4094
201906   ,MAREK SAWICKI          ,1
202002   ,LESZEK MILLER          ,1
202003   ,KRAKOW                 ,54
201702   ,POLAND                 ,12733
201703   ,DANZIG                 ,51
201611   ,POLISH                 ,6600
201609   ,DANZIG                 ,29
201605   ,POLISH                 ,7144
201802   ,DONALD TUSK            ,275
201705   ,BROMBERG               ,34
201704   ,POLLAND                ,3
201612   ,BRESLAU                ,23
201701   ,CRACOW                 ,280
201601   ,POLAND                 ,11501
201802   ,POLSKA                 ,21
201802   ,BRONISLAW KOMOROWSKI   ,7
201805   ,WOJCIECH JARUZELSKI    ,1
201503   ,BRONISLAW KOMOROWSKI   ,321
201510   ,WARSZAWA               ,8
201509   ,BROMBERG               ,16
201506   ,WALDEMAR PAWLAK        ,3
201604   ,BRONISLAW KOMOROWSKI   ,14
201508   ,ALEKSANDER KWASNIEWSKI ,4
201601   ,LESZEK BALCEROWICZ     ,1
201808   ,CRACOW                 ,196
201705   ,MIECZYSLAW RAKOWSKI    ,6
201607   ,WARSZAWA               ,4
201903   ,LUBLIN                 ,76
201903   ,DONALD TUSK            ,913
201607   ,WITOLD SOBKOW          ,2
201812   ,KRZYSZTOF KWIATKOWSKI  ,1
202002   ,CZESTOCHOWA            ,13
201906   ,BRESLAU                ,4
201906   ,LECH KACZYNSKI         ,12
201704   ,CZESTOCHOWA            ,17
201603   ,WARSAW                 ,1517
201711   ,LODZ                   ,116
201605   ,POLE                   ,3230
201609   ,LECH KACZYNSKI         ,28
201612   ,WARSAW                 ,1959
201611   ,BROMBERG               ,25
201802   ,LECH KACZYNSKI         ,9
201610   ,ALEKSANDER KWASNIEWSKI ,1
201606   ,WARSAW                 ,3063
201709   ,WALDEMAR PAWLAK        ,1
201703   ,CZESLAW KISZCZAK       ,2
201803   ,LECH KACZYNSKI         ,22
201804   ,POLAND                 ,10255
201712   ,CZESLAW KISZCZAK       ,1
201803   ,ELZBIETA BIENKOWSKA    ,12
201605   ,DANZIG                 ,57
201510   ,LECH WALESA            ,6
201510   ,BRESLAU                ,6
201509   ,ZABRZE                 ,12
201606   ,BRONISLAW KOMOROWSKI   ,22
201603   ,EWA KOPACZ             ,7
201807   ,DANZIG                 ,31
201809   ,KRAKOW                 ,50
201901   ,KATOWICE               ,179
201811   ,WARSZAWA               ,15
201903   ,CZESTOCHOWA            ,13
201910   ,DONALD TUSK            ,1424
201910   ,LODZ                   ,30
201910   ,WARSZAWA               ,11
202001   ,LUBLIN                 ,74
201910   ,MAREK BOROWSKI         ,4
201906   ,BROMBERG               ,11
202002   ,LESZEK BALCEROWICZ     ,3
201909   ,RADOSLAW SIKORSKI      ,1
201911   ,POLEN                  ,7
201907   ,BROMBERG               ,9
201907   ,WOJCIECH JARUZELSKI    ,1
202004   ,CZESTOCHOWA            ,14
201611   ,LODZ                   ,63
201708   ,BYDGOSZCZ              ,51
201708   ,BROMBERG               ,13
201604   ,KRAKOW                 ,97
201510   ,POLE                   ,3072
201702   ,BROMBERG               ,17
201801   ,WARSAW                 ,1822
201709   ,ZABRZE                 ,5
201803   ,RADOSLAW SIKORSKI      ,1
201805   ,JACEK ROSTOWSKI        ,2
201503   ,WARSAW                 ,1455
201504   ,LODZ                   ,52
201508   ,WROCLAW                ,93
201506   ,JAROSLAW KACZYNSKI     ,92
201504   ,WROCLAW                ,76
201509   ,CZESTOCHOWA            ,17
201511   ,LESZEK MILLER          ,3
201507   ,CZESLAW KISZCZAK       ,4
201506   ,JERZY BUZEK            ,2
201901   ,RADOSLAW SIKORSKI      ,2
201904   ,KATOWICE               ,51
201906   ,WARSAW                 ,1077
201806   ,LECH WALESA            ,1
201808   ,CZESLAW KISZCZAK       ,1
201908   ,BYDGOSZCZ              ,30
201911   ,LODZ                   ,70
202003   ,ZABRZE                 ,3
201712   ,ELZBIETA BIENKOWSKA    ,7
