MonthYear,EventRootCode,Count
201510   ,04           ,5605
201512   ,02           ,1716
201510   ,19           ,974
201602   ,03           ,2271
201503   ,17           ,938
201511   ,07           ,714
201508   ,14           ,252
201706   ,11           ,1348
201610   ,13           ,399
201612   ,14           ,851
201904   ,20           ,16
201512   ,10           ,151
201907   ,18           ,143
201910   ,14           ,173
201911   ,01           ,2350
201904   ,07           ,533
201601   ,10           ,257
201605   ,19           ,1183
202005   ,06           ,8
201805   ,14           ,282
201809   ,19           ,881
201501   ,17           ,16
201907   ,17           ,665
201901   ,11           ,1591
201902   ,12           ,772
201902   ,17           ,944
201911   ,08           ,792
201906   ,09           ,325
202004   ,01           ,1856
201608   ,05           ,2995
201509   ,03           ,2441
201706   ,19           ,957
201709   ,18           ,444
201802   ,13           ,416
201610   ,11           ,1862
201612   ,12           ,1083
201811   ,04           ,5938
201507   ,10           ,138
201812   ,03           ,1838
201505   ,14           ,166
201910   ,05           ,2116
201912   ,16           ,143
201906   ,19           ,784
201708   ,04           ,5078
201704   ,06           ,442
201602   ,02           ,2196
201603   ,12           ,767
201509   ,04           ,6842
201503   ,15           ,199
201702   ,17           ,969
201803   ,08           ,929
201709   ,20           ,13
201609   ,08           ,922
201603   ,06           ,348
201907   ,01           ,2235
201901   ,10           ,179
201902   ,01           ,3876
201902   ,06           ,712
202001   ,19           ,1397
201501   ,03           ,14
201911   ,19           ,820
202003   ,04           ,3641
202004   ,18           ,110
201707   ,11           ,2634
201704   ,12           ,676
201604   ,12           ,709
201510   ,11           ,1261
201512   ,03           ,1804
201509   ,07           ,1003
201506   ,07           ,599
201803   ,20           ,67
201711   ,07           ,741
201705   ,10           ,169
201804   ,19           ,1309
202005   ,10           ,4
201907   ,06           ,308
201903   ,14           ,259
201806   ,09           ,401
201909   ,15           ,102
201911   ,10           ,157
201607   ,06           ,563
201906   ,18           ,138
201703   ,12           ,1479
201601   ,16           ,265
201701   ,14           ,455
201609   ,04           ,7682
201705   ,01           ,3059
201805   ,05           ,2603
201801   ,16           ,293
201807   ,19           ,1501
201808   ,01           ,2330
201811   ,05           ,2983
201603   ,16           ,192
201502   ,06           ,170
201907   ,02           ,1323
201605   ,15           ,234
202002   ,17           ,496
201806   ,06           ,338
202004   ,14           ,190
201708   ,01           ,3242
201703   ,18           ,305
201604   ,19           ,1145
201703   ,20           ,29
201601   ,01           ,3456
201605   ,11           ,1710
201511   ,19           ,1207
201504   ,13           ,271
201702   ,09           ,571
201708   ,10           ,293
201803   ,13           ,499
202005   ,09           ,7
201609   ,17           ,995
201605   ,18           ,276
201503   ,09           ,447
201502   ,12           ,248
201602   ,20           ,12
201905   ,01           ,2684
201806   ,14           ,258
201909   ,11           ,1464
201912   ,15           ,62
202003   ,18           ,82
201708   ,07           ,551
201708   ,18           ,377
201703   ,05           ,3539
201512   ,01           ,3032
201505   ,03           ,1620
201702   ,03           ,1825
202005   ,08           ,13
201803   ,10           ,328
201711   ,13           ,418
201808   ,04           ,4688
201808   ,05           ,1954
201810   ,02           ,1862
201507   ,16           ,207
201707   ,03           ,3539
201704   ,07           ,849
201704   ,15           ,71
202004   ,20           ,20
201611   ,05           ,3076
201702   ,02           ,2184
201510   ,03           ,1734
201711   ,09           ,624
201801   ,18           ,306
201808   ,20           ,11
201802   ,14           ,325
201810   ,16           ,207
201903   ,05           ,2129
201812   ,02           ,1515
201908   ,11           ,1073
201703   ,07           ,1031
201704   ,20           ,40
201507   ,12           ,485
201508   ,02           ,1930
201507   ,03           ,1588
201503   ,18           ,377
201709   ,09           ,501
201710   ,12           ,880
201710   ,11           ,1424
201805   ,13           ,356
201610   ,19           ,1219
201612   ,18           ,470
201512   ,14           ,502
201801   ,06           ,471
201808   ,16           ,166
201804   ,10           ,222
201802   ,09           ,606
201811   ,11           ,1590
201809   ,11           ,1468
201809   ,06           ,316
201507   ,14           ,137
201905   ,11           ,1443
201909   ,08           ,836
201910   ,06           ,351
201912   ,14           ,233
201912   ,13           ,270
202004   ,07           ,800
201708   ,17           ,805
201504   ,04           ,5963
201505   ,11           ,1345
201511   ,09           ,485
201709   ,07           ,678
201711   ,19           ,1225
201710   ,14           ,370
201805   ,06           ,353
201712   ,02           ,1947
201712   ,18           ,215
201612   ,10           ,341
201903   ,15           ,122
201902   ,10           ,280
202001   ,02           ,1498
202001   ,16           ,520
202001   ,12           ,1029
201501   ,16           ,3
202003   ,19           ,572
201704   ,17           ,925
201701   ,15           ,390
201702   ,07           ,769
202005   ,14           ,13
201710   ,07           ,728
201710   ,02           ,2064
201710   ,10           ,219
201712   ,12           ,1032
201609   ,20           ,23
201807   ,08           ,908
201807   ,14           ,430
201804   ,17           ,873
201811   ,02           ,1804
201512   ,20           ,10
201812   ,14           ,215
202002   ,04           ,4152
202002   ,14           ,174
201910   ,18           ,188
201910   ,08           ,754
201912   ,06           ,269
201906   ,17           ,697
201707   ,18           ,274
201604   ,08           ,811
201603   ,11           ,1368
201605   ,13           ,624
201502   ,04           ,1938
201605   ,04           ,7264
201602   ,06           ,415
201508   ,08           ,756
201701   ,01           ,3633
201711   ,04           ,7391
201710   ,06           ,408
201706   ,09           ,469
201712   ,16           ,261
202002   ,03           ,956
201901   ,02           ,1930
201812   ,15           ,82
201912   ,12           ,592
201708   ,08           ,805
201608   ,14           ,173
201608   ,15           ,159
201603   ,02           ,1735
201601   ,02           ,1939
201601   ,05           ,2087
201602   ,11           ,1452
201509   ,02           ,2268
201702   ,05           ,2560
201709   ,11           ,1707
201708   ,14           ,233
201501   ,02           ,39
201901   ,12           ,598
201806   ,15           ,116
201909   ,04           ,6245
201911   ,12           ,474
201503   ,20           ,2
202004   ,19           ,603
201707   ,01           ,4544
201704   ,18           ,264
201512   ,08           ,796
201506   ,03           ,1760
201508   ,18           ,225
201601   ,14           ,598
201709   ,14           ,226
201803   ,18           ,269
201803   ,02           ,2357
201803   ,19           ,1443
201606   ,02           ,2729
201712   ,03           ,1928
201612   ,08           ,1063
201808   ,10           ,159
201804   ,13           ,331
201506   ,15           ,158
201801   ,20           ,30
201606   ,09           ,667
201901   ,04           ,6480
201812   ,13           ,249
201902   ,05           ,2608
201511   ,16           ,220
201905   ,03           ,1336
201909   ,07           ,576
201908   ,10           ,196
202004   ,05           ,1261
201708   ,19           ,1173
201511   ,05           ,2596
201605   ,05           ,2791
201507   ,17           ,787
201508   ,11           ,1146
201503   ,05           ,2083
201511   ,17           ,882
201605   ,07           ,857
201706   ,14           ,266
201801   ,12           ,1027
201911   ,07           ,429
202003   ,12           ,419
202004   ,04           ,2434
201707   ,16           ,280
201505   ,12           ,828
201605   ,09           ,645
201602   ,18           ,335
201612   ,13           ,388
201706   ,13           ,385
201605   ,08           ,1056
202005   ,02           ,24
201712   ,09           ,539
201808   ,02           ,1363
201810   ,09           ,396
201904   ,18           ,138
201907   ,12           ,525
201906   ,02           ,1240
201902   ,09           ,471
201806   ,11           ,1629
202001   ,17           ,753
201501   ,06           ,1
201903   ,08           ,762
201703   ,03           ,2599
201705   ,11           ,1488
201502   ,09           ,184
201505   ,09           ,369
201502   ,07           ,416
201702   ,06           ,411
201705   ,19           ,1165
201802   ,10           ,376
201807   ,04           ,5311
201712   ,08           ,1153
201809   ,04           ,6028
202002   ,11           ,1207
201907   ,10           ,136
201501   ,15           ,3
201806   ,10           ,177
202003   ,11           ,624
201611   ,11           ,1408
201507   ,01           ,2440
201706   ,06           ,351
201612   ,06           ,439
201712   ,15           ,46
201810   ,01           ,2881
201810   ,19           ,798
202005   ,13           ,3
201902   ,07           ,528
201902   ,18           ,435
201910   ,16           ,251
201908   ,20           ,25
201903   ,04           ,4728
202004   ,11           ,665
201605   ,14           ,489
201509   ,12           ,1187
201506   ,04           ,5507
201512   ,06           ,372
201506   ,18           ,199
201507   ,18           ,178
201709   ,03           ,1735
201711   ,01           ,3867
201711   ,06           ,552
201710   ,03           ,1821
201801   ,01           ,3751
201801   ,05           ,2727
201808   ,06           ,363
201804   ,08           ,779
201811   ,12           ,678
201809   ,13           ,526
201604   ,20           ,5
201812   ,08           ,800
202003   ,17           ,1052
201504   ,05           ,2745
201601   ,19           ,952
201505   ,18           ,245
201710   ,20           ,23
201811   ,01           ,3277
201708   ,20           ,29
201809   ,03           ,1610
201904   ,13           ,270
201802   ,20           ,105
201509   ,15           ,84
201907   ,11           ,1220
201907   ,09           ,499
201901   ,19           ,1496
201905   ,13           ,244
201806   ,19           ,948
201910   ,09           ,424
201911   ,09           ,358
201910   ,20           ,4
201912   ,07           ,537
202003   ,01           ,1831
201611   ,04           ,7177
201604   ,02           ,1943
201601   ,17           ,718
201602   ,16           ,158
201503   ,12           ,632
201701   ,03           ,1733
201709   ,13           ,414
201803   ,17           ,1560
201710   ,13           ,352
201606   ,12           ,850
201606   ,18           ,322
201808   ,09           ,434
201603   ,15           ,132
201901   ,08           ,793
201812   ,18           ,153
201902   ,02           ,2112
201506   ,20           ,10
201909   ,20           ,13
201607   ,18           ,330
201603   ,19           ,1062
201706   ,03           ,2042
201705   ,16           ,189
201805   ,17           ,992
201808   ,12           ,497
201804   ,12           ,632
201804   ,20           ,14
201809   ,01           ,2959
201910   ,11           ,1245
201708   ,11           ,1740
201704   ,11           ,1719
201608   ,18           ,198
201612   ,03           ,1802
201603   ,17           ,895
201505   ,04           ,5779
201505   ,19           ,957
201510   ,06           ,462
201702   ,20           ,21
202005   ,05           ,25
201712   ,05           ,2738
201612   ,02           ,2252
201701   ,20           ,59
201801   ,11           ,1877
201712   ,14           ,247
201811   ,19           ,980
201904   ,16           ,130
201812   ,20           ,53
201909   ,09           ,443
201906   ,04           ,5287
201708   ,12           ,882
201608   ,01           ,3467
201508   ,17           ,726
201611   ,16           ,279
201703   ,10           ,482
201604   ,05           ,2446
201507   ,02           ,1418
201506   ,13           ,277
201506   ,11           ,931
201604   ,14           ,359
201702   ,15           ,165
201709   ,01           ,3382
201803   ,09           ,723
201612   ,07           ,946
201808   ,03           ,1137
201811   ,08           ,851
201907   ,15           ,49
201903   ,09           ,373
201908   ,15           ,129
201806   ,20           ,6
201703   ,11           ,2931
201510   ,13           ,325
201605   ,01           ,3820
201701   ,06           ,595
201702   ,08           ,851
201702   ,14           ,327
201702   ,16           ,183
201709   ,16           ,229
201803   ,07           ,704
201705   ,08           ,969
201705   ,02           ,1898
201801   ,19           ,1186
201904   ,14           ,247
201606   ,13           ,654
202002   ,12           ,521
202002   ,07           ,477
201909   ,14           ,211
201906   ,11           ,1038
202003   ,02           ,1223
201608   ,11           ,1295
201507   ,04           ,4601
201505   ,01           ,2712
201512   ,07           ,762
201709   ,10           ,378
201609   ,10           ,264
201509   ,06           ,426
201804   ,16           ,192
201810   ,14           ,161
201904   ,08           ,685
201901   ,15           ,90
202001   ,09           ,379
201909   ,13           ,303
201910   ,02           ,1478
201908   ,18           ,169
201906   ,12           ,559
201607   ,16           ,282
201610   ,06           ,613
201605   ,10           ,214
201509   ,17           ,872
201503   ,10           ,162
201506   ,12           ,475
201708   ,13           ,405
201711   ,10           ,244
202005   ,19           ,21
201807   ,11           ,1375
201809   ,17           ,759
201511   ,10           ,201
201502   ,10           ,73
201907   ,13           ,216
201606   ,20           ,46
201812   ,01           ,2817
201908   ,13           ,380
201911   ,16           ,181
201704   ,03           ,1909
201704   ,14           ,272
201604   ,11           ,1504
201508   ,09           ,497
201602   ,08           ,766
201512   ,04           ,5719
201510   ,14           ,268
201803   ,03           ,2281
201705   ,07           ,878
201805   ,20           ,9
201802   ,01           ,4626
201612   ,15           ,136
201606   ,06           ,677
201808   ,15           ,99
201802   ,19           ,1755
201903   ,10           ,171
201901   ,09           ,1330
202001   ,05           ,2430
201905   ,15           ,92
201607   ,05           ,5524
201708   ,16           ,207
201607   ,17           ,1343
201512   ,05           ,2474
201508   ,16           ,156
201601   ,03           ,1950
201609   ,07           ,774
201606   ,19           ,1418
201705   ,05           ,2907
201612   ,09           ,562
201808   ,17           ,734
201903   ,02           ,1649
201812   ,17           ,650
201905   ,16           ,365
201806   ,04           ,5968
201501   ,12           ,7
201909   ,16           ,445
201906   ,03           ,1751
202003   ,08           ,1005
201608   ,20           ,48
201610   ,01           ,4077
201602   ,19           ,1031
201503   ,04           ,5553
201507   ,19           ,1015
201510   ,10           ,184
201505   ,08           ,951
201705   ,15           ,110
201712   ,17           ,906
201807   ,17           ,794
201804   ,06           ,410
201502   ,13           ,96
201502   ,15           ,13
201905   ,14           ,302
201908   ,01           ,2763
201912   ,05           ,2042
201906   ,08           ,727
201707   ,02           ,2596
201904   ,06           ,355
201608   ,17           ,828
201504   ,09           ,511
201705   ,06           ,438
201609   ,05           ,2878
201612   ,16           ,254
201804   ,07           ,777
201906   ,13           ,250
201906   ,06           ,345
201904   ,01           ,2585
202004   ,02           ,1203
201707   ,08           ,1264
201703   ,06           ,530
201511   ,01           ,3241
201510   ,02           ,1752
201709   ,19           ,1205
201803   ,11           ,2384
201610   ,02           ,2271
201609   ,14           ,302
201802   ,11           ,3492
201712   ,11           ,1834
201808   ,14           ,172
201506   ,16           ,209
201904   ,09           ,402
201603   ,20           ,13
202002   ,18           ,146
201507   ,20           ,35
201607   ,15           ,461
201707   ,12           ,1939
201611   ,19           ,1090
201503   ,19           ,1225
201601   ,18           ,207
201512   ,19           ,959
201510   ,09           ,498
201511   ,02           ,1834
201512   ,13           ,374
201511   ,14           ,267
201610   ,12           ,1307
201612   ,01           ,3638
201807   ,16           ,292
201808   ,07           ,599
201901   ,20           ,56
202001   ,01           ,3615
202001   ,15           ,32
201912   ,11           ,1312
201908   ,16           ,480
201911   ,02           ,1222
201906   ,07           ,542
201703   ,01           ,4221
201604   ,13           ,323
201701   ,17           ,1334
202005   ,04           ,37
201606   ,14           ,339
201609   ,15           ,149
201807   ,09           ,529
201808   ,18           ,198
201509   ,10           ,244
202002   ,13           ,299
201908   ,05           ,2513
201908   ,19           ,1041
201912   ,17           ,589
201501   ,10           ,1
202003   ,15           ,46
201704   ,04           ,6429
201704   ,10           ,210
201604   ,01           ,3432
201703   ,16           ,394
201511   ,12           ,984
201602   ,01           ,3242
201603   ,03           ,2172
201503   ,03           ,1537
201507   ,06           ,382
201705   ,18           ,355
201804   ,05           ,2451
201610   ,16           ,534
201612   ,20           ,54
201710   ,15           ,83
201605   ,16           ,312
201809   ,14           ,219
202002   ,09           ,327
201905   ,09           ,387
201909   ,18           ,245
201911   ,18           ,163
201912   ,08           ,576
201501   ,19           ,8
202003   ,03           ,853
201707   ,14           ,805
201708   ,05           ,1972
201703   ,09           ,711
201506   ,01           ,2407
201504   ,16           ,299
201609   ,12           ,749
201805   ,16           ,213
202005   ,16           ,9
201602   ,17           ,818
201809   ,08           ,855
201502   ,14           ,100
201901   ,07           ,621
201510   ,18           ,243
201908   ,03           ,1785
201910   ,07           ,554
201911   ,06           ,454
201911   ,03           ,1065
201912   ,09           ,294
201708   ,03           ,1279
201608   ,10           ,202
201508   ,01           ,3054
201611   ,09           ,548
201611   ,03           ,1983
201601   ,06           ,401
201605   ,03           ,2189
201512   ,17           ,868
201803   ,16           ,400
201706   ,16           ,175
201612   ,19           ,1563
201804   ,09           ,368
201505   ,15           ,66
201909   ,01           ,2730
201906   ,05           ,2494
201908   ,17           ,611
201906   ,20           ,19
201501   ,08           ,7
202004   ,12           ,411
201707   ,10           ,300
201611   ,02           ,2321
201506   ,19           ,835
201511   ,18           ,441
201502   ,01           ,970
201701   ,02           ,2008
201711   ,08           ,1090
201609   ,16           ,212
201802   ,04           ,7541
201810   ,07           ,640
201506   ,14           ,134
201812   ,05           ,2379
201902   ,04           ,9446
201902   ,08           ,999
201602   ,14           ,358
201905   ,10           ,184
202001   ,08           ,989
202001   ,20           ,24
202004   ,09           ,277
201508   ,04           ,4959
201603   ,04           ,6362
201511   ,06           ,504
201711   ,20           ,23
201710   ,01           ,3209
201706   ,17           ,790
201706   ,10           ,199
201606   ,03           ,3355
201808   ,13           ,297
201804   ,02           ,1607
201809   ,18           ,268
201903   ,18           ,174
201902   ,19           ,1332
202002   ,01           ,1920
201909   ,19           ,1281
201908   ,06           ,422
202003   ,14           ,198
201703   ,04           ,8822
201904   ,19           ,756
201611   ,14           ,446
201603   ,08           ,908
201705   ,17           ,838
201510   ,15           ,94
201803   ,14           ,681
201711   ,16           ,276
201712   ,06           ,516
201807   ,03           ,1397
201810   ,04           ,5446
201810   ,06           ,430
201809   ,15           ,223
201505   ,17           ,807
202002   ,19           ,694
202002   ,06           ,238
201508   ,10           ,168
201909   ,03           ,1860
201909   ,12           ,658
201911   ,14           ,173
201912   ,19           ,904
201607   ,14           ,253
201904   ,04           ,4690
201707   ,19           ,1372
201611   ,01           ,3323
201504   ,06           ,437
201709   ,06           ,446
201711   ,15           ,91
201710   ,19           ,1154
201706   ,12           ,917
201804   ,14           ,328
201809   ,02           ,2137
202001   ,13           ,311
201607   ,09           ,563
201911   ,11           ,1061
201912   ,10           ,117
201903   ,01           ,2553
202004   ,15           ,28
201704   ,01           ,3244
201611   ,15           ,196
201504   ,01           ,3591
201512   ,12           ,759
201507   ,05           ,2073
201501   ,04           ,83
201803   ,12           ,875
201706   ,07           ,846
201610   ,18           ,301
201801   ,03           ,1862
201801   ,10           ,238
201802   ,03           ,2257
201907   ,05           ,2051
201907   ,03           ,1306
201812   ,07           ,651
201903   ,16           ,195
202002   ,02           ,1285
201806   ,01           ,2707
201806   ,05           ,2708
201806   ,08           ,914
202003   ,09           ,269
201707   ,07           ,862
201707   ,09           ,450
201704   ,02           ,1785
201508   ,03           ,1646
201703   ,17           ,1128
201601   ,12           ,955
201503   ,02           ,1572
202005   ,01           ,27
201805   ,19           ,1285
201807   ,06           ,411
201604   ,10           ,192
201905   ,06           ,304
201910   ,03           ,1398
202004   ,13           ,190
201608   ,19           ,1389
201603   ,05           ,2211
201603   ,14           ,371
201509   ,01           ,3545
201502   ,08           ,302
201711   ,14           ,368
201610   ,20           ,63
201607   ,03           ,4106
201603   ,10           ,267
201911   ,04           ,4644
201912   ,02           ,1367
201906   ,16           ,86
201607   ,10           ,407
202003   ,06           ,237
201607   ,13           ,612
201604   ,04           ,6435
201601   ,04           ,6387
201710   ,18           ,332
201705   ,09           ,494
201805   ,18           ,190
201804   ,11           ,1642
201811   ,18           ,179
201810   ,17           ,853
201908   ,02           ,1372
201708   ,06           ,478
201611   ,10           ,272
201611   ,20           ,30
201709   ,04           ,6412
201802   ,12           ,1361
201810   ,03           ,1509
201810   ,08           ,842
201907   ,16           ,168
201812   ,16           ,370
202002   ,05           ,1791
202002   ,10           ,123
202002   ,15           ,48
201512   ,15           ,69
201806   ,12           ,836
202003   ,05           ,1318
201507   ,11           ,968
201701   ,09           ,480
201708   ,09           ,409
201711   ,03           ,2039
201705   ,13           ,300
201609   ,09           ,673
201712   ,10           ,262
201802   ,15           ,52
201907   ,20           ,14
201606   ,15           ,392
201806   ,13           ,344
202001   ,04           ,5189
201911   ,20           ,1
201906   ,15           ,250
201707   ,15           ,161
201607   ,11           ,2308
201602   ,04           ,6422
201502   ,16           ,57
201504   ,14           ,254
201510   ,17           ,984
201609   ,03           ,2232
201805   ,07           ,954
201804   ,01           ,2622
201802   ,16           ,743
201811   ,09           ,385
202005   ,15           ,5
201811   ,20           ,4
201607   ,20           ,206
201501   ,11           ,8
201704   ,05           ,3240
201504   ,19           ,1450
201510   ,07           ,686
201604   ,03           ,1745
201504   ,07           ,817
201504   ,03           ,1767
201503   ,16           ,176
201701   ,12           ,673
201706   ,20           ,16
201606   ,07           ,1142
201805   ,09           ,645
201610   ,03           ,2009
201612   ,17           ,1219
201601   ,07           ,667
201801   ,09           ,510
201811   ,10           ,206
201903   ,06           ,368
201712   ,20           ,29
201905   ,04           ,5361
202001   ,14           ,216
201910   ,17           ,611
201911   ,13           ,293
202003   ,10           ,213
201704   ,16           ,176
201603   ,07           ,651
201502   ,05           ,952
201512   ,11           ,1559
201509   ,19           ,1209
201701   ,13           ,432
201606   ,08           ,1123
201805   ,10           ,206
201610   ,05           ,3320
201802   ,06           ,498
201807   ,13           ,398
201804   ,03           ,1509
201505   ,10           ,204
201901   ,01           ,3562
201812   ,11           ,1200
201903   ,17           ,680
201902   ,13           ,417
201504   ,18           ,227
201905   ,08           ,852
201806   ,18           ,156
201910   ,01           ,2590
201908   ,08           ,857
201611   ,12           ,712
201703   ,02           ,3551
201703   ,14           ,738
201701   ,10           ,248
201606   ,05           ,4028
201810   ,10           ,266
201810   ,18           ,224
201810   ,15           ,75
201507   ,13           ,284
201901   ,17           ,1915
201901   ,06           ,442
202002   ,16           ,306
201905   ,17           ,740
201912   ,18           ,184
201707   ,20           ,25
201608   ,03           ,1836
201511   ,03           ,1949
201602   ,05           ,2435
201503   ,01           ,3015
201502   ,11           ,387
201601   ,09           ,527
201605   ,20           ,41
201701   ,07           ,1124
201706   ,05           ,2667
201610   ,10           ,225
201901   ,03           ,1663
201901   ,13           ,378
201903   ,07           ,599
201902   ,03           ,2223
201501   ,14           ,11
201503   ,13           ,254
201903   ,11           ,1322
202004   ,10           ,143
201706   ,04           ,6579
201703   ,08           ,1214
201608   ,06           ,549
201611   ,08           ,991
201511   ,08           ,1114
201605   ,02           ,2374
201604   ,18           ,260
201702   ,13           ,404
201609   ,13           ,469
201811   ,16           ,231
201809   ,12           ,739
201903   ,19           ,980
201904   ,10           ,169
201806   ,02           ,1968
201911   ,17           ,773
201912   ,20           ,12
201906   ,14           ,175
201607   ,07           ,1194
201707   ,17           ,1081
201504   ,11           ,1658
201510   ,08           ,965
201701   ,11           ,1507
201702   ,01           ,3210
201803   ,04           ,7669
201711   ,11           ,2249
201805   ,04           ,6211
201805   ,11           ,1512
201802   ,17           ,1332
201602   ,13           ,415
201505   ,16           ,235
201904   ,03           ,1364
201903   ,20           ,26
201902   ,11           ,1945
201910   ,15           ,55
202004   ,16           ,221
201505   ,02           ,1627
201605   ,17           ,1308
201504   ,08           ,914
201504   ,02           ,1721
201604   ,06           ,431
201501   ,07           ,12
201702   ,12           ,854
201803   ,15           ,110
201610   ,17           ,1408
202005   ,12           ,3
201801   ,02           ,2063
201801   ,04           ,6591
201807   ,01           ,3071
201802   ,18           ,271
201903   ,03           ,1284
201606   ,16           ,178
201901   ,05           ,2237
201901   ,18           ,456
201905   ,20           ,14
201909   ,17           ,674
201909   ,10           ,177
201908   ,12           ,553
201501   ,09           ,1
202003   ,07           ,620
201703   ,15           ,201
201601   ,08           ,994
201503   ,07           ,665
201506   ,05           ,1893
201508   ,06           ,408
201502   ,02           ,675
201603   ,09           ,532
201509   ,09           ,601
201609   ,19           ,1459
201610   ,07           ,916
201809   ,05           ,2505
201503   ,14           ,340
201506   ,06           ,388
201901   ,16           ,247
201902   ,14           ,213
202002   ,20           ,19
201905   ,02           ,1393
201905   ,05           ,2193
201806   ,16           ,238
202003   ,20           ,7
201601   ,20           ,1
201604   ,16           ,201
201608   ,16           ,184
201611   ,17           ,882
201506   ,02           ,1392
201509   ,18           ,209
201709   ,12           ,1070
201710   ,16           ,165
201706   ,02           ,1734
201706   ,08           ,880
201805   ,03           ,1796
201610   ,08           ,1080
201810   ,13           ,353
201903   ,13           ,322
201902   ,16           ,755
202002   ,08           ,717
201909   ,05           ,3010
201809   ,20           ,11
201707   ,04           ,12023
201904   ,11           ,1156
201608   ,12           ,625
201612   ,05           ,3298
201612   ,04           ,6608
201502   ,19           ,381
201710   ,05           ,2979
201710   ,09           ,555
201609   ,02           ,2352
201805   ,12           ,667
201805   ,15           ,88
201610   ,09           ,540
201712   ,13           ,425
201802   ,05           ,3043
201807   ,05           ,2828
201811   ,13           ,365
201810   ,12           ,680
201509   ,20           ,20
201907   ,04           ,4777
201812   ,19           ,845
201912   ,04           ,4522
202004   ,03           ,673
201611   ,18           ,279
201503   ,06           ,494
201503   ,11           ,1276
201701   ,04           ,6511
201904   ,02           ,1577
201607   ,19           ,2365
201507   ,15           ,52
201607   ,12           ,1103
202004   ,17           ,574
201607   ,04           ,16391
201608   ,07           ,723
201511   ,11           ,1412
201505   ,05           ,2323
201510   ,05           ,2698
201507   ,08           ,717
201604   ,17           ,1117
201603   ,13           ,360
201601   ,11           ,1766
201602   ,09           ,703
201605   ,06           ,489
201512   ,18           ,198
201702   ,11           ,1602
201702   ,19           ,1256
201606   ,04           ,9961
201806   ,17           ,825
201808   ,11           ,1046
201810   ,20           ,18
201507   ,07           ,745
201903   ,12           ,551
201812   ,09           ,298
201505   ,13           ,265
202001   ,18           ,201
201906   ,01           ,2310
201908   ,09           ,416
202005   ,20           ,3
201607   ,08           ,1232
201604   ,15           ,103
201610   ,14           ,808
201504   ,12           ,899
201710   ,17           ,901
201706   ,15           ,96
201705   ,20           ,8
201805   ,01           ,3096
201804   ,04           ,5253
201807   ,20           ,99
201811   ,07           ,566
201810   ,11           ,1340
201504   ,20           ,60
201806   ,07           ,672
201908   ,07           ,586
202004   ,06           ,240
201608   ,08           ,996
201611   ,07           ,889
201610   ,04           ,7166
201510   ,01           ,3472
201509   ,11           ,1568
201603   ,18           ,243
201505   ,07           ,707
201701   ,18           ,294
201711   ,05           ,3198
201606   ,17           ,1107
201805   ,08           ,909
201712   ,04           ,6089
201801   ,08           ,1136
201801   ,07           ,1000
201811   ,06           ,458
201812   ,10           ,192
202001   ,03           ,1371
201912   ,01           ,2248
201909   ,02           ,1585
201909   ,06           ,525
201906   ,10           ,180
201708   ,15           ,99
201708   ,02           ,1683
201608   ,13           ,364
201508   ,05           ,2269
201702   ,18           ,294
201803   ,05           ,3900
202005   ,11           ,10
201705   ,14           ,291
201807   ,10           ,198
201802   ,02           ,2671
201801   ,15           ,45
201809   ,07           ,683
201910   ,12           ,578
201910   ,13           ,190
201703   ,13           ,597
201601   ,13           ,408
201504   ,10           ,347
201506   ,08           ,713
201509   ,13           ,388
201702   ,10           ,283
201709   ,05           ,2634
201510   ,16           ,176
201801   ,17           ,1243
201807   ,02           ,1924
201807   ,18           ,206
201602   ,15           ,96
201811   ,17           ,1033
201602   ,10           ,156
201901   ,14           ,417
201601   ,15           ,124
201703   ,19           ,1479
201509   ,08           ,835
201506   ,17           ,665
201508   ,07           ,745
201502   ,03           ,569
201807   ,12           ,997
201802   ,07           ,964
201802   ,08           ,1314
201809   ,09           ,438
201907   ,14           ,184
201508   ,15           ,131
201501   ,01           ,26
201501   ,18           ,3
201905   ,18           ,203
201910   ,19           ,833
201911   ,05           ,1921
201704   ,09           ,557
201510   ,12           ,967
201602   ,12           ,840
201605   ,12           ,1072
201509   ,16           ,235
201507   ,09           ,409
201508   ,12           ,608
201701   ,16           ,210
201709   ,17           ,924
201709   ,02           ,2240
201709   ,08           ,936
202005   ,03           ,12
201711   ,17           ,1473
201706   ,18           ,270
201606   ,01           ,4501
201712   ,07           ,921
202005   ,18           ,2
201808   ,19           ,1093
201502   ,17           ,325
201902   ,20           ,18
201905   ,19           ,999
201910   ,04           ,4946
201911   ,15           ,79
201707   ,06           ,623
201607   ,01           ,5870
201611   ,06           ,501
201611   ,13           ,359
201603   ,01           ,3225
201506   ,09           ,359
201803   ,01           ,3975
201710   ,04           ,7012
201609   ,01           ,3488
201807   ,15           ,117
201905   ,07           ,577
201908   ,04           ,5242
201704   ,19           ,1278
201904   ,17           ,702
201608   ,02           ,1977
201602   ,07           ,757
201503   ,08           ,755
201701   ,08           ,1161
201710   ,08           ,868
201705   ,12           ,771
201609   ,11           ,1717
201805   ,02           ,1921
201801   ,13           ,384
201512   ,09           ,576
201809   ,10           ,176
201904   ,15           ,72
201812   ,06           ,379
202001   ,10           ,145
201908   ,14           ,155
201508   ,20           ,7
202004   ,08           ,856
201707   ,05           ,3888
201604   ,09           ,541
201511   ,13           ,433
201604   ,07           ,819
201512   ,16           ,154
201705   ,03           ,1797
201610   ,15           ,173
201712   ,19           ,1058
201808   ,08           ,741
201804   ,15           ,40
201811   ,14           ,285
201811   ,03           ,1666
201504   ,15           ,99
201902   ,15           ,105
202001   ,11           ,1977
202003   ,16           ,383
202003   ,13           ,239
201704   ,13           ,275
201702   ,04           ,7229
201505   ,06           ,351
201709   ,15           ,225
202005   ,07           ,20
202005   ,17           ,9
201711   ,02           ,2308
201612   ,11           ,1792
201606   ,10           ,240
201506   ,10           ,174
201806   ,03           ,1678
201502   ,20           ,22
201910   ,10           ,153
201707   ,13           ,671
201904   ,05           ,2176
201608   ,04           ,7571
201705   ,04           ,6490
201509   ,14           ,390
201711   ,18           ,283
201712   ,01           ,3464
201801   ,14           ,339
201811   ,15           ,106
201809   ,16           ,221
201502   ,18           ,76
201907   ,07           ,522
201907   ,08           ,655
201812   ,04           ,6674
201511   ,20           ,8
201607   ,02           ,3393
201608   ,09           ,694
201511   ,04           ,5963
201508   ,13           ,338
201711   ,12           ,1139
201609   ,06           ,470
201609   ,18           ,368
201804   ,18           ,312
201810   ,05           ,2159
201904   ,12           ,595
201907   ,19           ,888
201511   ,15           ,95
201505   ,20           ,63
202001   ,07           ,571
201704   ,08           ,855
201508   ,19           ,1115
201504   ,17           ,1178
201509   ,05           ,2668
201701   ,19           ,1766
201701   ,05           ,3201
201706   ,01           ,2895
201803   ,06           ,477
201606   ,11           ,1749
201807   ,07           ,809
201501   ,05           ,16
201812   ,12           ,620
201905   ,12           ,610
202001   ,06           ,326
201510   ,20           ,24
201912   ,03           ,1155
