MonthYear,Actor2Name             ,Count
201510   ,BYDGOSZCZ              ,78
201601   ,POLISH                 ,4654
201604   ,DONALD TUSK            ,388
201710   ,GDANSK                 ,187
201803   ,WARSAW                 ,1373
201802   ,CZESTOCHOWA            ,16
201805   ,BRONISLAW KOMOROWSKI   ,3
201504   ,POLAND                 ,9512
201504   ,KRAKOW                 ,98
201503   ,DONALD TUSK            ,485
201505   ,EWA KOPACZ             ,136
201508   ,BRONISLAW KOMOROWSKI   ,102
201505   ,LESZEK BALCEROWICZ     ,6
201506   ,RADOSLAW SIKORSKI      ,9
201509   ,TADEUSZ MAZOWIECKI     ,1
201511   ,JERZY BUZEK            ,1
201906   ,TOMASZ ARABSKI         ,5
201504   ,MAREK SAWICKI          ,1
201902   ,LODZ                   ,37
201905   ,LUBLIN                 ,66
201909   ,ZABRZE                 ,4
201909   ,LECH WALESA            ,6
201909   ,POLEN                  ,3
201911   ,JAROSLAW KACZYNSKI     ,25
201909   ,LESZEK BALCEROWICZ     ,2
201906   ,BOGDAN ZDROJEWSKI      ,1
201704   ,BYDGOSZCZ              ,48
201609   ,KATOWICE               ,65
201701   ,MAREK BELKA            ,2
201705   ,LECH WALESA            ,2
201803   ,KATOWICE               ,94
201802   ,BROMBERG               ,38
201805   ,POLISH                 ,4079
201508   ,WARSAW                 ,918
201606   ,JAN OLSZEWSKI          ,2
201511   ,EWA KOPACZ             ,22
201509   ,WARSZAWA               ,2
201806   ,POLE                   ,2659
201509   ,POLSKA                 ,14
201507   ,BYDGOSZCZ              ,31
201601   ,WALDEMAR PAWLAK        ,6
201807   ,POLAND                 ,9158
201812   ,JAROSLAW KACZYNSKI     ,22
201502   ,LESZEK MILLER          ,3
201905   ,LESZEK MILLER          ,2
201911   ,GDANSK                 ,131
202002   ,POLAND                 ,6459
202002   ,ZABRZE                 ,3
201912   ,LUBLIN                 ,40
201912   ,CZESTOCHOWA            ,4
202002   ,BRESLAU                ,1
201702   ,WARSAW                 ,1479
201602   ,LUBLIN                 ,35
201704   ,ELZBIETA BIENKOWSKA    ,2
201707   ,LECH WALESA            ,61
201509   ,POLAND                 ,10615
201610   ,TADEUSZ MAZOWIECKI     ,2
201709   ,BRONISLAW KOMOROWSKI   ,6
201612   ,WOJCIECH JARUZELSKI    ,7
201605   ,WARSAW                 ,2009
201705   ,RADOSLAW SIKORSKI      ,1
201711   ,JAROSLAW KACZYNSKI     ,89
201710   ,BRESLAU                ,10
201801   ,CZESTOCHOWA            ,10
201805   ,POLAND                 ,9507
201605   ,LECH KACZYNSKI         ,10
201511   ,KATOWICE               ,63
201503   ,BROMBERG               ,3
201511   ,BROMBERG               ,12
201509   ,LECH KACZYNSKI         ,8
201807   ,DONALD TUSK            ,453
201903   ,JERZY BUZEK            ,4
201902   ,BYDGOSZCZ              ,27
201907   ,LODZ                   ,17
201604   ,MAREK BELKA            ,1
201908   ,WARSAW                 ,1296
201905   ,POLE                   ,2277
201905   ,CRACOW                 ,131
201909   ,DONALD TUSK            ,321
202002   ,POLEN                  ,5
201907   ,BRONISLAW KOMOROWSKI   ,1
201602   ,WARSAW                 ,1281
201704   ,JAROSLAW KACZYNSKI     ,80
201704   ,LODZ                   ,46
201706   ,BRONISLAW KOMOROWSKI   ,6
201701   ,WROCLAW                ,82
201610   ,WARSZAWA               ,5
201603   ,BYDGOSZCZ              ,50
201705   ,LECH KACZYNSKI         ,21
201608   ,LECH KACZYNSKI         ,18
201801   ,LODZ                   ,38
201801   ,CZESLAW KISZCZAK       ,1
201607   ,WROCLAW                ,44
201607   ,DANZIG                 ,14
201505   ,POLAND                 ,7846
201504   ,BRONISLAW KOMOROWSKI   ,243
201804   ,WARSZAWA               ,2
201606   ,ELZBIETA BIENKOWSKA    ,12
201506   ,WOJCIECH JARUZELSKI    ,6
201512   ,BRESLAU                ,6
201811   ,LUBLIN                 ,59
201508   ,TADEUSZ MAZOWIECKI     ,1
201810   ,LUBLIN                 ,114
201503   ,LESZEK BALCEROWICZ     ,1
201902   ,CZESTOCHOWA            ,8
201806   ,POLEN                  ,2
201909   ,JAROSLAW KACZYNSKI     ,81
201504   ,JERZY BUZEK            ,1
201512   ,CZESLAW KISZCZAK       ,2
201907   ,LECH WALESA            ,3
202004   ,POLAND                 ,4370
201610   ,KRAKOW                 ,127
201609   ,GDANSK                 ,138
201701   ,ZABRZE                 ,10
201705   ,KRAKOW                 ,57
201707   ,BROMBERG               ,13
201710   ,JERZY MILLER           ,1
201506   ,LECH WALESA            ,7
201606   ,ALEKSANDER KWASNIEWSKI ,4
201602   ,KATOWICE               ,42
201806   ,JAROSLAW KACZYNSKI     ,61
201512   ,EWA KOPACZ             ,2
201502   ,BYDGOSZCZ              ,6
201508   ,POLOGNE                ,2
201809   ,RADOSLAW SIKORSKI      ,2
201508   ,KRAKAU                 ,1
201806   ,WARSZAWA               ,4
202002   ,JAROSLAW KACZYNSKI     ,18
201602   ,TOMASZ ARABSKI         ,1
201912   ,POLISH                 ,2666
202003   ,JAROSLAW KACZYNSKI     ,14
202003   ,LECH WALESA            ,6
202004   ,DONALD TUSK            ,57
201702   ,DONALD TUSK            ,764
201707   ,WARSZAWA               ,3
201508   ,POLE                   ,2528
201710   ,POLAND                 ,10229
201803   ,LODZ                   ,27
201508   ,LECH WALESA            ,13
201806   ,LUBLIN                 ,63
201603   ,WOJCIECH JARUZELSKI    ,7
201807   ,GDANSK                 ,77
201811   ,DONALD TUSK            ,660
201902   ,WARSAW                 ,3542
201906   ,KATOWICE               ,41
201902   ,LUBLIN                 ,94
201503   ,POLSKA                 ,1
201904   ,EWA KOPACZ             ,1
201905   ,BRESLAU                ,5
202003   ,BRONISLAW KOMOROWSKI   ,4
201503   ,LECH WALESA            ,1
201611   ,BROMBERG               ,33
201612   ,WARSAW                 ,1487
201603   ,WARSAW                 ,981
201606   ,WARSAW                 ,2667
201609   ,LECH KACZYNSKI         ,21
201605   ,POLE                   ,2835
201709   ,WALDEMAR PAWLAK        ,1
201704   ,CZESTOCHOWA            ,9
201711   ,LODZ                   ,58
201803   ,ELZBIETA BIENKOWSKA    ,8
201802   ,LECH KACZYNSKI         ,13
201803   ,LECH KACZYNSKI         ,9
201804   ,POLAND                 ,8543
201606   ,BRONISLAW KOMOROWSKI   ,21
201605   ,DANZIG                 ,35
201509   ,ZABRZE                 ,8
201510   ,LECH WALESA            ,8
201809   ,KRAKOW                 ,47
201901   ,KATOWICE               ,132
201603   ,EWA KOPACZ             ,4
201903   ,CZESTOCHOWA            ,6
201906   ,BROMBERG               ,10
201510   ,BRESLAU                ,3
201807   ,DANZIG                 ,23
201907   ,BROMBERG               ,5
201910   ,DONALD TUSK            ,915
201910   ,LODZ                   ,19
202001   ,LUBLIN                 ,33
201910   ,WARSZAWA               ,8
201907   ,WOJCIECH JARUZELSKI    ,2
201911   ,POLEN                  ,2
202004   ,LODZ                   ,46
201611   ,POLSKA                 ,23
201704   ,DONALD TUSK            ,795
201707   ,LODZ                   ,43
201706   ,POLE                   ,2589
201703   ,EWA KOPACZ             ,1
201705   ,BRONISLAW KOMOROWSKI   ,13
201705   ,CZESTOCHOWA            ,13
201604   ,POLE                   ,2655
201510   ,LESZEK BALCEROWICZ     ,4
201701   ,JACEK ROSTOWSKI        ,2
201801   ,WROCLAW                ,70
201801   ,POLEN                  ,15
201712   ,JERZY MILLER           ,3
201803   ,WROCLAW                ,48
201503   ,EWA KOPACZ             ,37
201603   ,JAROSLAW KACZYNSKI     ,94
201504   ,EWA KOPACZ             ,90
201503   ,RADOSLAW SIKORSKI      ,12
201502   ,GDANSK                 ,30
201502   ,JACEK ROSTOWSKI        ,6
201811   ,POLE                   ,2293
201812   ,KATOWICE               ,2027
201903   ,WARSAW                 ,995
201903   ,JAROSLAW KACZYNSKI     ,55
201904   ,WROCLAW                ,21
201904   ,POLSKA                 ,11
201902   ,POLSKA                 ,5
201808   ,JERZY BUZEK            ,1
201908   ,CRACOW                 ,122
201908   ,ZABRZE                 ,2
201910   ,KATOWICE               ,62
202002   ,LECH KACZYNSKI         ,2
201508   ,BRESLAU                ,2
201502   ,CZESTOCHOWA            ,1
201902   ,WARSZAWA               ,1
201511   ,POLISH                 ,3702
201611   ,KATOWICE               ,80
201604   ,POLAND                 ,9048
201701   ,LODZ                   ,54
201609   ,LECH WALESA            ,11
201708   ,RADOSLAW SIKORSKI      ,10
201601   ,BYDGOSZCZ              ,26
201705   ,DANZIG                 ,13
201712   ,DONALD TUSK            ,537
201505   ,MAREK BELKA            ,2
201601   ,CZESTOCHOWA            ,11
201503   ,KATOWICE               ,47
201606   ,LESZEK BALCEROWICZ     ,6
201509   ,ELZBIETA BIENKOWSKA    ,23
201503   ,BYDGOSZCZ              ,18
201603   ,WARSZAWA               ,2
201806   ,POLAND                 ,9548
201502   ,JAROSLAW KACZYNSKI     ,19
201506   ,BRESLAU                ,3
201901   ,BRONISLAW KOMOROWSKI   ,3
201905   ,DONALD TUSK            ,342
201904   ,JAROSLAW KACZYNSKI     ,94
201907   ,WROCLAW                ,25
201907   ,LECH KACZYNSKI         ,18
202001   ,BROMBERG               ,7
202002   ,BYDGOSZCZ              ,33
201702   ,BRONISLAW KOMOROWSKI   ,6
201611   ,BYDGOSZCZ              ,42
201611   ,LESZEK BALCEROWICZ     ,8
201703   ,CZESTOCHOWA            ,18
201606   ,POLISH                 ,5875
201510   ,POLISH                 ,3569
201609   ,JAN KRZYSZTOF BIELECKI ,4
201701   ,EWA KOPACZ             ,1
201703   ,LESZEK BALCEROWICZ     ,2
201506   ,POLAND                 ,8069
201605   ,JAROSLAW KACZYNSKI     ,57
201512   ,BRONISLAW KOMOROWSKI   ,30
201510   ,KATOWICE               ,85
201601   ,LUBLIN                 ,69
201512   ,POLSKA                 ,14
201502   ,EWA KOPACZ             ,35
201510   ,POLEN                  ,2
201810   ,KRAKOW                 ,74
201807   ,POLLAND                ,3
201806   ,BROMBERG               ,3
201811   ,BROMBERG               ,8
201810   ,POLLAND                ,1
201912   ,LODZ                   ,35
201912   ,DANZIG                 ,10
202004   ,BRESLAU                ,7
201702   ,JAROSLAW KACZYNSKI     ,149
201604   ,WARSAW                 ,1604
201509   ,POLE                   ,2796
201706   ,WARSZAWA               ,4
201608   ,POLSKA                 ,13
201608   ,POLLAND                ,1
201711   ,BOGDAN KLICH           ,1
201801   ,POLISH                 ,5345
201804   ,POLISH                 ,3336
201804   ,POLSKA                 ,16
201804   ,LUBLIN                 ,143
201607   ,CZESTOCHOWA            ,195
201509   ,BYDGOSZCZ              ,30
201605   ,CZESLAW KISZCZAK       ,1
201504   ,JAROSLAW KACZYNSKI     ,12
201606   ,CZESLAW KISZCZAK       ,2
201506   ,BYDGOSZCZ              ,34
201505   ,BROMBERG               ,9
201811   ,CRACOW                 ,100
201903   ,GDANSK                 ,148
201902   ,POLAND                 ,12244
201906   ,LUBLIN                 ,68
201503   ,BOGDAN ZDROJEWSKI      ,2
201908   ,KATOWICE               ,81
201908   ,POLLAND                ,3
201909   ,KRAKOW                 ,61
201909   ,BRESLAU                ,12
201906   ,POLSKA                 ,8
202001   ,WARSAW                 ,920
202002   ,BROMBERG               ,6
201911   ,POLSKA                 ,6
201707   ,BRONISLAW KOMOROWSKI   ,9
201610   ,CZESTOCHOWA            ,10
201609   ,POLE                   ,3151
201703   ,BOGDAN ZDROJEWSKI      ,4
201712   ,WARSAW                 ,1040
201712   ,LODZ                   ,105
201711   ,DANZIG                 ,1
201611   ,MIECZYSLAW RAKOWSKI    ,2
201606   ,HANNA SUCHOCKA         ,2
201502   ,KRAKOW                 ,37
201606   ,POLOGNE                ,1
201506   ,CZESTOCHOWA            ,12
201602   ,ELZBIETA BIENKOWSKA    ,2
201809   ,KATOWICE               ,158
201808   ,BYDGOSZCZ              ,25
201811   ,GDANSK                 ,72
201604   ,CZESLAW KISZCZAK       ,1
201904   ,CRACOW                 ,119
201507   ,WALDEMAR PAWLAK        ,2
201902   ,LECH WALESA            ,9
201812   ,POLEN                  ,1
201908   ,POLE                   ,2174
201905   ,BYDGOSZCZ              ,42
201909   ,LODZ                   ,25
201909   ,POLLAND                ,2
201901   ,BROMBERG               ,7
201810   ,POLEN                  ,5
201702   ,POLE                   ,2355
201611   ,LECH KACZYNSKI         ,34
201703   ,DONALD TUSK            ,2008
201603   ,POLISH                 ,3723
201708   ,JAROSLAW KACZYNSKI     ,98
201711   ,GDANSK                 ,152
201710   ,MAREK BELKA            ,2
201805   ,KRAKOW                 ,53
201705   ,JERZY BUZEK            ,2
201605   ,KATOWICE               ,164
201512   ,WROCLAW                ,38
201606   ,JERZY KROPIWNICKI      ,2
201505   ,JAROSLAW KACZYNSKI     ,31
201510   ,WROCLAW                ,47
201510   ,BRONISLAW KOMOROWSKI   ,40
201508   ,WARSZAWA               ,2
201809   ,ZABRZE                 ,2
201604   ,POLEN                  ,3
201810   ,LODZ                   ,43
201901   ,DANZIG                 ,9
201807   ,BROMBERG               ,3
201908   ,POLISH                 ,2985
201909   ,GDANSK                 ,108
201904   ,POLEN                  ,4
201910   ,DANZIG                 ,17
201905   ,POLLAND                ,2
201911   ,ZABRZE                 ,1
202002   ,CZESLAW KISZCZAK       ,1
201907   ,DANZIG                 ,2
201912   ,CZESLAW KISZCZAK       ,2
202004   ,POLISH                 ,1861
202004   ,BYDGOSZCZ              ,25
201704   ,CRACOW                 ,125
201607   ,POLE                   ,3443
201608   ,CRACOW                 ,299
201706   ,LECH KACZYNSKI         ,13
201610   ,CRACOW                 ,175
201610   ,LODZ                   ,42
201709   ,LODZ                   ,56
201709   ,BYDGOSZCZ              ,33
201512   ,BYDGOSZCZ              ,36
201704   ,WOJCIECH JARUZELSKI    ,3
201711   ,POLAND                 ,11851
201801   ,RADOSLAW SIKORSKI      ,2
201803   ,BYDGOSZCZ              ,40
201712   ,WARSZAWA               ,6
201505   ,CZESTOCHOWA            ,28
201512   ,LUBLIN                 ,70
201606   ,JAROSLAW KACZYNSKI     ,55
201510   ,LECH KACZYNSKI         ,41
201508   ,MAREK BELKA            ,1
201809   ,GDANSK                 ,96
201901   ,BYDGOSZCZ              ,23
201808   ,KRAKOW                 ,80
201812   ,LODZ                   ,22
201506   ,LECH KACZYNSKI         ,4
201906   ,BYDGOSZCZ              ,16
201807   ,LESZEK BALCEROWICZ     ,4
201902   ,JERZY BUZEK            ,1
201812   ,DANZIG                 ,5
202001   ,JAROSLAW KACZYNSKI     ,34
201911   ,CZESTOCHOWA            ,21
202002   ,WARSZAWA               ,1
201604   ,WROCLAW                ,78
201612   ,POLE                   ,4042
201612   ,DANZIG                 ,17
201708   ,BRONISLAW KOMOROWSKI   ,2
201708   ,POLEN                  ,4
201711   ,DONALD TUSK            ,411
201710   ,RADOSLAW SIKORSKI      ,1
201710   ,CZESLAW KISZCZAK       ,1
201805   ,LODZ                   ,41
201804   ,LESZEK MILLER          ,5
201507   ,JAROSLAW KACZYNSKI     ,19
201601   ,POLSKA                 ,21
201507   ,LECH KACZYNSKI         ,9
201901   ,KRAKOW                 ,83
201807   ,WARSAW                 ,1150
201911   ,DANZIG                 ,7
201912   ,LECH WALESA            ,1
202004   ,WARSZAWA               ,3
201611   ,KRAKOW                 ,131
201704   ,LECH KACZYNSKI         ,54
201708   ,WARSAW                 ,1369
201904   ,WARSAW                 ,915
201702   ,LODZ                   ,35
201609   ,DONALD TUSK            ,546
201609   ,LUBLIN                 ,81
201512   ,POLAND                 ,8356
201508   ,POLISH                 ,3272
201502   ,POLAND                 ,2802
201503   ,POLAND                 ,7929
201506   ,DONALD TUSK            ,587
201506   ,WROCLAW                ,37
201602   ,BROMBERG               ,7
201511   ,DANZIG                 ,13
201806   ,DONALD TUSK            ,325
201806   ,LODZ                   ,30
201511   ,WARSZAWA               ,1
201605   ,BROMBERG               ,2
201509   ,POLEN                  ,2
201504   ,BOGDAN KLICH           ,3
201903   ,CZESLAW KISZCZAK       ,2
201910   ,WROCLAW                ,12
202001   ,CRACOW                 ,123
201910   ,POLEN                  ,1
202002   ,ALEKSANDER KWASNIEWSKI ,2
201601   ,ZABRZE                 ,1
201611   ,LUBLIN                 ,100
201704   ,LESZEK MILLER          ,2
201706   ,POLAND                 ,9853
201704   ,BROMBERG               ,5
201706   ,LODZ                   ,31
201709   ,POLISH                 ,4748
201709   ,GDANSK                 ,160
201608   ,CZESLAW KISZCZAK       ,1
201701   ,POLEN                  ,3
201509   ,LUBLIN                 ,66
201702   ,LESZEK MILLER          ,2
201711   ,ZABRZE                 ,4
201710   ,ELZBIETA BIENKOWSKA    ,2
201805   ,CRACOW                 ,139
201604   ,RADOSLAW SIKORSKI      ,2
201507   ,WROCLAW                ,36
201602   ,DANZIG                 ,26
201607   ,BROMBERG               ,4
201507   ,EWA KOPACZ             ,27
201603   ,MAREK BELKA            ,4
201506   ,ELZBIETA BIENKOWSKA    ,4
201503   ,POLEN                  ,3
201806   ,WROCLAW                ,38
201906   ,DONALD TUSK            ,439
201902   ,WROCLAW                ,28
201808   ,LECH KACZYNSKI         ,14
201908   ,WROCLAW                ,21
201811   ,KRAKOW                 ,67
201910   ,POLAND                 ,7419
201911   ,POLE                   ,1937
202001   ,POLEN                  ,6
201910   ,LECH KACZYNSKI         ,2
201606   ,POLAND                 ,15278
201610   ,KATOWICE               ,86
201708   ,LODZ                   ,25
201708   ,LESZEK BALCEROWICZ     ,1
201612   ,KATOWICE               ,87
201612   ,CRACOW                 ,163
201705   ,WROCLAW                ,42
201711   ,POLE                   ,2693
201711   ,POLSKA                 ,11
201802   ,CRACOW                 ,111
201511   ,DONALD TUSK            ,478
201505   ,WARSAW                 ,1159
201511   ,JAN OLSZEWSKI          ,6
201503   ,KRAKOW                 ,68
201606   ,POLSKA                 ,28
201605   ,LECH WALESA            ,17
201601   ,ELZBIETA BIENKOWSKA    ,23
201512   ,ZABRZE                 ,6
201504   ,POLSKA                 ,12
201603   ,BRESLAU                ,6
201807   ,LODZ                   ,36
201902   ,DANZIG                 ,6
201903   ,POLLAND                ,1
201906   ,DANZIG                 ,7
201905   ,BROMBERG               ,1
201910   ,BRESLAU                ,6
201511   ,POLE                   ,2540
201612   ,POLAND                 ,10983
201510   ,JAROSLAW KACZYNSKI     ,145
201607   ,KATOWICE               ,62
201709   ,BRESLAU                ,8
201705   ,WALDEMAR PAWLAK        ,2
201701   ,BROMBERG               ,4
201712   ,WROCLAW                ,34
201801   ,KATOWICE               ,71
201804   ,KRAKOW                 ,59
201804   ,ELZBIETA BIENKOWSKA    ,2
201506   ,POLE                   ,2000
201606   ,BRESLAU                ,1
201506   ,EWA KOPACZ             ,39
201802   ,BRESLAU                ,1
201607   ,LESZEK BALCEROWICZ     ,4
201506   ,BOGDAN ZDROJEWSKI      ,4
201508   ,POLLAND                ,1
201601   ,WARSZAWA               ,1
201507   ,MAREK BELKA            ,1
201507   ,BROMBERG               ,22
201601   ,TADEUSZ MAZOWIECKI     ,2
201901   ,LECH KACZYNSKI         ,10
201908   ,JAROSLAW KACZYNSKI     ,46
201908   ,LODZ                   ,31
201905   ,BRONISLAW KOMOROWSKI   ,4
201603   ,WALDEMAR PAWLAK        ,2
201910   ,POLSKA                 ,10
201905   ,DANZIG                 ,3
201504   ,MAREK BELKA            ,2
201608   ,DANZIG                 ,36
201608   ,KRAKOW                 ,603
201603   ,POLAND                 ,8660
201703   ,JAROSLAW KACZYNSKI     ,125
201610   ,BRONISLAW KOMOROWSKI   ,15
201702   ,LECH KACZYNSKI         ,17
201609   ,ELZBIETA BIENKOWSKA    ,18
201805   ,GDANSK                 ,135
201804   ,LECH KACZYNSKI         ,49
201607   ,ELZBIETA BIENKOWSKA    ,3
201510   ,ZABRZE                 ,11
201606   ,DANZIG                 ,12
201504   ,BROMBERG               ,9
201505   ,TADEUSZ MAZOWIECKI     ,2
201509   ,BRESLAU                ,4
201807   ,JAROSLAW KACZYNSKI     ,28
201810   ,DANZIG                 ,2
201906   ,POLAND                 ,8559
201902   ,BRONISLAW KOMOROWSKI   ,1
201903   ,KAZIMIERZ MARCINKIEWICZ,1
201908   ,POLEN                  ,4
201810   ,BRONISLAW KOMOROWSKI   ,2
202001   ,BYDGOSZCZ              ,49
202001   ,GDANSK                 ,102
201611   ,GDANSK                 ,140
201706   ,DONALD TUSK            ,459
201612   ,JAROSLAW KACZYNSKI     ,135
201612   ,LECH WALESA            ,16
201510   ,LODZ                   ,55
201707   ,BARBARA KUDRYCKA       ,1
201708   ,WOJCIECH JARUZELSKI    ,1
201710   ,LUBLIN                 ,196
201711   ,KRAKOW                 ,68
201801   ,LECH KACZYNSKI         ,31
201712   ,LESZEK BALCEROWICZ     ,1
201712   ,WOJCIECH JARUZELSKI    ,3
201802   ,ALEKSANDER KWASNIEWSKI ,5
201805   ,BYDGOSZCZ              ,48
201805   ,WARSAW                 ,1172
201502   ,POLE                   ,750
201603   ,CRACOW                 ,226
201605   ,JAN OLSZEWSKI          ,1
201602   ,JAROSLAW KACZYNSKI     ,102
201806   ,GDANSK                 ,127
201512   ,LODZ                   ,25
201809   ,POLAND                 ,9644
201901   ,POLEN                  ,14
201603   ,LESZEK MILLER          ,2
201911   ,CRACOW                 ,105
201907   ,BRESLAU                ,1
201607   ,KRZYSZTOF KWIATKOWSKI  ,10
201608   ,KRZYSZTOF KWIATKOWSKI  ,2
201705   ,POLAND                 ,9736
201703   ,ZABRZE                 ,5
201509   ,DANZIG                 ,2
201611   ,ALEKSANDER KWASNIEWSKI ,2
201705   ,ELZBIETA BIENKOWSKA    ,2
201712   ,KAZIMIERZ MARCINKIEWICZ,3
201802   ,POLEN                  ,5
201804   ,MAREK BELKA            ,2
201804   ,WOJCIECH JARUZELSKI    ,2
201605   ,BRONISLAW KOMOROWSKI   ,16
201505   ,WROCLAW                ,27
201603   ,KATOWICE               ,29
201604   ,LECH WALESA            ,19
201602   ,LODZ                   ,34
201504   ,ZABRZE                 ,5
201505   ,POLEN                  ,3
201808   ,LUBLIN                 ,70
201808   ,ZABRZE                 ,6
201808   ,LECH WALESA            ,7
201904   ,LECH KACZYNSKI         ,12
201811   ,ELZBIETA BIENKOWSKA    ,2
201511   ,BOGDAN ZDROJEWSKI      ,1
201511   ,MAREK BELKA            ,1
201601   ,EWA KOPACZ             ,2
202003   ,WARSAW                 ,546
202004   ,WROCLAW                ,28
201602   ,GDANSK                 ,96
201608   ,DONALD TUSK            ,107
201701   ,POLISH                 ,4580
201612   ,BRONISLAW KOMOROWSKI   ,7
201610   ,BRESLAU                ,12
201708   ,WALDEMAR PAWLAK        ,1
201610   ,BOGDAN ZDROJEWSKI      ,4
201709   ,DONALD TUSK            ,203
201710   ,WROCLAW                ,71
201710   ,POLEN                  ,2
201802   ,WROCLAW                ,33
201607   ,LODZ                   ,35
201501   ,POLAND                 ,112
201601   ,WROCLAW                ,46
201606   ,GDANSK                 ,147
201508   ,LODZ                   ,24
201605   ,TADEUSZ MAZOWIECKI     ,3
201808   ,POLE                   ,2078
201811   ,LODZ                   ,45
201907   ,GDANSK                 ,100
201808   ,BRONISLAW KOMOROWSKI   ,2
201905   ,WARSZAWA               ,2
201502   ,POLEN                  ,2
201506   ,MAREK BELKA            ,1
202002   ,POLISH                 ,2684
201912   ,WROCLAW                ,49
201507   ,POLEN                  ,1
201908   ,BRONISLAW KOMOROWSKI   ,1
202003   ,WROCLAW                ,34
201702   ,KATOWICE               ,112
201611   ,WARSAW                 ,1501
201703   ,POLLAND                ,6
201612   ,DONALD TUSK            ,286
201612   ,JACEK ROSTOWSKI        ,2
201703   ,RADOSLAW SIKORSKI      ,5
201705   ,JAROSLAW KACZYNSKI     ,61
201612   ,POLEN                  ,4
201709   ,WOJCIECH JARUZELSKI    ,1
201712   ,CZESTOCHOWA            ,27
201711   ,BYDGOSZCZ              ,46
201803   ,ZABRZE                 ,4
201712   ,EWA KOPACZ             ,2
201805   ,LUBLIN                 ,84
201503   ,LUBLIN                 ,47
201505   ,POLSKA                 ,11
201806   ,KATOWICE               ,84
201604   ,BROMBERG               ,8
201506   ,WITOLD SOBKOW          ,3
201807   ,KATOWICE               ,81
201811   ,POLSKA                 ,9
201807   ,LECH KACZYNSKI         ,12
201809   ,BRONISLAW KOMOROWSKI   ,5
201501   ,GDANSK                 ,1
201908   ,DANZIG                 ,4
201811   ,JERZY BUZEK            ,3
201910   ,POLISH                 ,2500
201910   ,WARSAW                 ,1046
201912   ,BRESLAU                ,10
202003   ,LODZ                   ,47
202003   ,CRACOW                 ,68
201702   ,BYDGOSZCZ              ,47
201707   ,KATOWICE               ,23
201707   ,CRACOW                 ,204
201608   ,BYDGOSZCZ              ,44
201704   ,ALEKSANDER GRAD        ,2
201701   ,LECH WALESA            ,24
201609   ,BROMBERG               ,4
201609   ,POLSKA                 ,17
201610   ,ZABRZE                 ,5
201611   ,WOJCIECH JARUZELSKI    ,1
201705   ,POLEN                  ,3
201712   ,POLE                   ,2667
201711   ,BARBARA KUDRYCKA       ,1
201712   ,ZABRZE                 ,12
201805   ,CZESTOCHOWA            ,9
201506   ,KATOWICE               ,66
201604   ,LESZEK BALCEROWICZ     ,33
201602   ,TADEUSZ MAZOWIECKI     ,3
201509   ,JAROSLAW KACZYNSKI     ,30
201503   ,JERZY BUZEK            ,3
201504   ,CZESTOCHOWA            ,12
201602   ,EWA KOPACZ             ,1
201808   ,WROCLAW                ,36
201812   ,LUBLIN                 ,46
201907   ,WARSZAWA               ,2
201909   ,KATOWICE               ,71
202001   ,WROCLAW                ,24
201906   ,WARSZAWA               ,1
201508   ,MAREK SAWICKI          ,2
201702   ,CRACOW                 ,160
201511   ,POLAND                 ,9034
201707   ,POLAND                 ,18505
201607   ,POLISH                 ,6395
201708   ,POLISH                 ,3892
201706   ,KRAKOW                 ,96
201610   ,DONALD TUSK            ,808
201609   ,LESZEK BALCEROWICZ     ,7
201706   ,ALEKSANDER GRAD        ,2
201709   ,CZESTOCHOWA            ,33
201805   ,POLSKA                 ,28
201503   ,POLISH                 ,3716
201604   ,GDANSK                 ,161
201507   ,POLISH                 ,2755
201504   ,CRACOW                 ,95
201603   ,LECH KACZYNSKI         ,40
201605   ,KRAKOW                 ,170
201606   ,TADEUSZ MAZOWIECKI     ,4
201605   ,BOGDAN KLICH           ,8
201510   ,LESZEK MILLER          ,7
201503   ,BOGDAN KLICH           ,7
201511   ,BRESLAU                ,10
201511   ,WROCLAW                ,35
201901   ,JAROSLAW KACZYNSKI     ,130
201901   ,ZABRZE                 ,4
201812   ,POLISH                 ,2807
201808   ,DONALD TUSK            ,33
201807   ,POLSKA                 ,22
201902   ,KATOWICE               ,63
201908   ,GDANSK                 ,154
201904   ,MIECZYSLAW RAKOWSKI    ,2
201910   ,JAROSLAW KACZYNSKI     ,81
201910   ,LECH WALESA            ,3
201911   ,BOGDAN ZDROJEWSKI      ,1
202003   ,JERZY BUZEK            ,2
201704   ,POLISH                 ,4182
201604   ,POLISH                 ,4111
201706   ,POLISH                 ,3386
201706   ,CZESTOCHOWA            ,7
201701   ,LUBLIN                 ,88
201709   ,POLAND                 ,10899
201603   ,GDANSK                 ,96
201709   ,DANZIG                 ,5
201709   ,POLSKA                 ,7
201701   ,BRESLAU                ,9
201710   ,LECH WALESA            ,4
201803   ,KRAKOW                 ,71
201804   ,ZABRZE                 ,14
201804   ,BROMBERG               ,6
201502   ,WARSAW                 ,373
201506   ,GDANSK                 ,96
201804   ,BRESLAU                ,1
201607   ,ZABRZE                 ,3
201511   ,CZESTOCHOWA            ,35
201502   ,POLSKA                 ,10
201901   ,LUBLIN                 ,39
201905   ,JAROSLAW KACZYNSKI     ,76
202004   ,POLE                   ,1117
201704   ,POLE                   ,2570
201707   ,LUBLIN                 ,73
201706   ,GDANSK                 ,142
201609   ,POLAND                 ,10826
201510   ,DONALD TUSK            ,379
201601   ,POLE                   ,2398
201711   ,LUBLIN                 ,127
201805   ,BROMBERG               ,9
201505   ,DONALD TUSK            ,166
201512   ,KATOWICE               ,44
201507   ,DANZIG                 ,21
201507   ,LODZ                   ,35
201606   ,DONALD TUSK            ,825
201506   ,KRAKOW                 ,122
201601   ,BRESLAU                ,3
201508   ,POLSKA                 ,9
201901   ,POLAND                 ,10437
201906   ,JAROSLAW KACZYNSKI     ,37
201904   ,LODZ                   ,50
201908   ,LECH WALESA            ,17
201810   ,LECH KACZYNSKI         ,9
201909   ,BYDGOSZCZ              ,32
201910   ,KRAKOW                 ,61
201504   ,CZESLAW KISZCZAK       ,1
202002   ,KATOWICE               ,66
201702   ,LECH WALESA            ,27
201707   ,DONALD TUSK            ,323
201603   ,KRAKOW                 ,132
201609   ,WROCLAW                ,74
201703   ,LESZEK MILLER          ,2
201702   ,POLLAND                ,3
201710   ,LECH KACZYNSKI         ,15
201804   ,WARSAW                 ,1115
201504   ,LECH KACZYNSKI         ,15
201511   ,LODZ                   ,28
201601   ,LODZ                   ,31
201806   ,WARSAW                 ,1120
201601   ,BROMBERG               ,11
201503   ,ZABRZE                 ,7
201901   ,POLSKA                 ,21
201903   ,WROCLAW                ,28
201811   ,CZESTOCHOWA            ,7
201806   ,ZABRZE                 ,8
201907   ,POLSKA                 ,5
202001   ,KRAKOW                 ,143
201908   ,MAREK BELKA            ,2
201912   ,CRACOW                 ,87
201507   ,LESZEK BALCEROWICZ     ,1
202003   ,BRESLAU                ,5
201903   ,POLISH                 ,2831
201704   ,LUBLIN                 ,64
201703   ,WROCLAW                ,57
201706   ,LECH WALESA            ,12
201510   ,CRACOW                 ,117
201703   ,POLEN                  ,3
201512   ,JAROSLAW KACZYNSKI     ,54
201803   ,CZESTOCHOWA            ,18
201804   ,BRONISLAW KOMOROWSKI   ,4
201505   ,BRONISLAW KOMOROWSKI   ,473
201504   ,DONALD TUSK            ,325
201612   ,CZESLAW KISZCZAK       ,2
201504   ,DANZIG                 ,24
201603   ,LODZ                   ,31
201603   ,BRONISLAW KOMOROWSKI   ,9
201604   ,POLSKA                 ,23
201604   ,ALEKSANDER KWASNIEWSKI ,4
201505   ,                       ,1
201511   ,RADOSLAW SIKORSKI      ,2
201812   ,CRACOW                 ,62
201903   ,ELZBIETA BIENKOWSKA    ,15
201501   ,LODZ                   ,1
201904   ,BYDGOSZCZ              ,32
201908   ,KRAKOW                 ,56
201908   ,RADOSLAW SIKORSKI      ,2
201807   ,BRONISLAW KOMOROWSKI   ,2
202001   ,POLE                   ,1722
201707   ,ZABRZE                 ,1
201707   ,POLE                   ,2784
201610   ,POLISH                 ,4861
201510   ,POLAND                 ,8681
201708   ,LUBLIN                 ,58
201609   ,CZESTOCHOWA            ,23
201707   ,LESZEK MILLER          ,12
201707   ,EWA KOPACZ             ,4
201707   ,ALEKSANDER KWASNIEWSKI ,1
201707   ,LESZEK BALCEROWICZ     ,3
201710   ,DANZIG                 ,8
201711   ,JERZY BUZEK            ,2
201701   ,RADOSLAW SIKORSKI      ,1
201711   ,ALEKSANDER KWASNIEWSKI ,3
201803   ,LUBLIN                 ,75
201508   ,GDANSK                 ,142
201512   ,DANZIG                 ,11
201506   ,JACEK ROSTOWSKI        ,6
201605   ,POLSKA                 ,21
201605   ,BRESLAU                ,9
201510   ,CZESTOCHOWA            ,17
201503   ,LESZEK MILLER          ,2
201506   ,LESZEK BALCEROWICZ     ,3
201809   ,BROMBERG               ,3
201811   ,BYDGOSZCZ              ,33
201904   ,LUBLIN                 ,61
201909   ,POLAND                 ,10762
201909   ,WOJCIECH JARUZELSKI    ,1
201911   ,KRAKOW                 ,47
201911   ,WROCLAW                ,19
202002   ,KRAKOW                 ,100
201811   ,TADEUSZ MAZOWIECKI     ,2
201504   ,BOGDAN ZDROJEWSKI      ,1
202004   ,WARSAW                 ,453
202004   ,LECH KACZYNSKI         ,18
201707   ,WALDEMAR DABROWSKI     ,1
201706   ,JERZY BUZEK            ,2
201709   ,KRAKOW                 ,50
201609   ,POLEN                  ,6
201608   ,BROMBERG               ,24
201802   ,LUBLIN                 ,108
201803   ,LESZEK MILLER          ,1
201804   ,KATOWICE               ,62
201805   ,ELZBIETA BIENKOWSKA    ,1
201502   ,BRESLAU                ,1
201809   ,LESZEK BALCEROWICZ     ,1
201909   ,CZESTOCHOWA            ,8
201811   ,LESZEK MILLER          ,1
201905   ,LECH KACZYNSKI         ,4
201511   ,KAZIMIERZ MARCINKIEWICZ,1
201912   ,POLSKA                 ,8
201912   ,JAROSLAW KACZYNSKI     ,15
201701   ,POLAND                 ,11700
201707   ,ELZBIETA BIENKOWSKA    ,11
201703   ,LECH KACZYNSKI         ,43
201708   ,KATOWICE               ,23
201708   ,POLSKA                 ,9
201708   ,LECH WALESA            ,13
201710   ,POLISH                 ,4193
201710   ,KRAKOW                 ,94
201801   ,JAROSLAW KACZYNSKI     ,59
201801   ,DANZIG                 ,9
201712   ,JAROSLAW KACZYNSKI     ,76
201803   ,DONALD TUSK            ,650
201802   ,POLE                   ,3190
201607   ,BYDGOSZCZ              ,48
201502   ,LUBLIN                 ,19
201602   ,CZESLAW KISZCZAK       ,22
201506   ,POLSKA                 ,13
201607   ,RADOSLAW SIKORSKI      ,1
201507   ,LUBLIN                 ,57
201502   ,LODZ                   ,15
201602   ,BRONISLAW KOMOROWSKI   ,11
201810   ,BYDGOSZCZ              ,26
201907   ,BYDGOSZCZ              ,27
201902   ,BRESLAU                ,31
201602   ,JAN KRZYSZTOF BIELECKI ,1
201810   ,BROMBERG               ,18
202001   ,WARSZAWA               ,2
201505   ,MIECZYSLAW RAKOWSKI    ,2
201704   ,WROCLAW                ,62
201707   ,WARSAW                 ,3698
201707   ,WROCLAW                ,54
201703   ,LUBLIN                 ,331
201703   ,LODZ                   ,45
201703   ,BYDGOSZCZ              ,36
201706   ,WROCLAW                ,68
201610   ,GDANSK                 ,201
201708   ,WROCLAW                ,29
201701   ,WARSAW                 ,1145
201709   ,POLE                   ,2388
201612   ,BOGDAN ZDROJEWSKI      ,3
201701   ,JAROSLAW KACZYNSKI     ,133
201705   ,KATOWICE               ,141
201712   ,LUBLIN                 ,137
201803   ,GDANSK                 ,105
201803   ,JAROSLAW KACZYNSKI     ,24
201504   ,WARSAW                 ,1023
201607   ,LECH KACZYNSKI         ,19
201603   ,LESZEK BALCEROWICZ     ,5
201504   ,BYDGOSZCZ              ,26
201511   ,ELZBIETA BIENKOWSKA    ,3
201606   ,LESZEK MILLER          ,1
201901   ,POLE                   ,2367
201812   ,GDANSK                 ,84
201810   ,POLE                   ,2181
201505   ,ZABRZE                 ,2
201907   ,POLE                   ,2348
201908   ,POLAND                 ,9291
202001   ,BRESLAU                ,1
202003   ,DANZIG                 ,8
202003   ,POLEN                  ,4
201912   ,WOJCIECH JARUZELSKI    ,2
201510   ,MAREK SAWICKI          ,1
201701   ,POLE                   ,2766
201904   ,POLE                   ,2081
201508   ,KRAKOW                 ,82
201509   ,WARSAW                 ,1155
201603   ,POLE                   ,2468
201705   ,LUBLIN                 ,100
201603   ,DANZIG                 ,22
201803   ,BRESLAU                ,5
201707   ,WOJCIECH JARUZELSKI    ,1
201804   ,LODZ                   ,29
201505   ,WOJCIECH JARUZELSKI    ,5
201606   ,ZABRZE                 ,5
201509   ,LODZ                   ,34
201806   ,CZESTOCHOWA            ,31
201512   ,ALEKSANDER KWASNIEWSKI ,4
201903   ,KATOWICE               ,102
201812   ,BOGDAN ZDROJEWSKI      ,1
201512   ,BOGDAN ZDROJEWSKI      ,1
201910   ,LUBLIN                 ,58
202001   ,POLSKA                 ,6
201903   ,LESZEK BALCEROWICZ     ,2
201610   ,POLAND                 ,11700
201611   ,DONALD TUSK            ,328
201704   ,KATOWICE               ,76
201511   ,WARSAW                 ,1016
201706   ,CRACOW                 ,139
201610   ,POLSKA                 ,26
201612   ,EWA KOPACZ             ,5
201710   ,POLSKA                 ,19
201803   ,POLSKA                 ,15
201802   ,LODZ                   ,32
201804   ,WROCLAW                ,51
201805   ,DANZIG                 ,17
201501   ,POLISH                 ,45
201507   ,KATOWICE               ,56
201604   ,LUBLIN                 ,77
201505   ,LUBLIN                 ,51
201512   ,LESZEK MILLER          ,2
201901   ,CRACOW                 ,81
201504   ,WARSZAWA               ,1
201908   ,CZESTOCHOWA            ,22
201905   ,POLSKA                 ,11
201810   ,JERZY MILLER           ,1
201911   ,LUBLIN                 ,90
201909   ,WARSZAWA               ,2
201611   ,CRACOW                 ,144
201511   ,BRONISLAW KOMOROWSKI   ,28
201707   ,JAROSLAW KACZYNSKI     ,132
201609   ,WARSAW                 ,1537
201609   ,BRESLAU                ,3
201608   ,ZABRZE                 ,17
201610   ,POLLAND                ,2
201604   ,CRACOW                 ,180
201602   ,WROCLAW                ,35
201605   ,GDANSK                 ,152
201712   ,POLSKA                 ,24
201711   ,WARSZAWA               ,2
201804   ,LECH WALESA            ,7
201507   ,POLE                   ,2498
201605   ,LESZEK BALCEROWICZ     ,30
201605   ,ZABRZE                 ,3
201604   ,DANZIG                 ,8
201512   ,CZESTOCHOWA            ,11
201604   ,WOJCIECH JARUZELSKI    ,3
201809   ,WARSAW                 ,1047
201503   ,CZESTOCHOWA            ,9
201812   ,POLAND                 ,8818
201808   ,GDANSK                 ,194
201808   ,BROMBERG               ,4
201903   ,KRAKOW                 ,39
201810   ,CRACOW                 ,178
201907   ,POLISH                 ,2460
201512   ,WARSZAWA               ,3
201507   ,MAREK SAWICKI          ,2
201808   ,LESZEK MILLER          ,4
201905   ,KATOWICE               ,78
202001   ,BOGDAN ZDROJEWSKI      ,3
202003   ,KRAKOW                 ,38
201702   ,POLAND                 ,10408
201611   ,POLISH                 ,4783
201707   ,JERZY BUZEK            ,2
201703   ,DANZIG                 ,32
201701   ,CRACOW                 ,148
201609   ,DANZIG                 ,19
201601   ,POLAND                 ,10067
201612   ,BRESLAU                ,8
201705   ,BROMBERG               ,11
201605   ,POLISH                 ,4984
201704   ,POLLAND                ,2
201610   ,KRZYSZTOF KWIATKOWSKI  ,2
201705   ,MIECZYSLAW RAKOWSKI    ,6
201802   ,DONALD TUSK            ,223
201802   ,POLSKA                 ,45
201802   ,BRONISLAW KOMOROWSKI   ,2
201503   ,BRONISLAW KOMOROWSKI   ,205
201805   ,WOJCIECH JARUZELSKI    ,1
201604   ,BRONISLAW KOMOROWSKI   ,12
201508   ,ALEKSANDER KWASNIEWSKI ,3
201509   ,BROMBERG               ,12
201808   ,CRACOW                 ,121
201506   ,WALDEMAR PAWLAK        ,2
201510   ,WARSZAWA               ,4
201903   ,DONALD TUSK            ,698
201903   ,LUBLIN                 ,49
201906   ,LECH KACZYNSKI         ,5
201906   ,BRESLAU                ,9
201811   ,GRZEGORZ KOLODKO       ,7
202002   ,CZESTOCHOWA            ,11
201602   ,CEZARY GRABARCZYK      ,1
201702   ,WROCLAW                ,34
202004   ,ZABRZE                 ,2
201608   ,JAROSLAW KACZYNSKI     ,54
201608   ,WROCLAW                ,34
201602   ,DONALD TUSK            ,775
201612   ,BROMBERG               ,19
201706   ,ELZBIETA BIENKOWSKA    ,1
201706   ,BOGDAN ZDROJEWSKI      ,2
201701   ,DANZIG                 ,10
201612   ,ZABRZE                 ,13
201702   ,ELZBIETA BIENKOWSKA    ,1
201711   ,POLEN                  ,4
201803   ,LESZEK BALCEROWICZ     ,3
201607   ,DONALD TUSK            ,564
201510   ,LUBLIN                 ,69
201506   ,LODZ                   ,30
201605   ,CRACOW                 ,163
201606   ,BYDGOSZCZ              ,45
201606   ,WOJCIECH JARUZELSKI    ,2
201605   ,WROCLAW                ,57
201504   ,CEZARY GRABARCZYK      ,5
201505   ,LECH KACZYNSKI         ,29
201511   ,LECH WALESA            ,10
201607   ,WOJCIECH JARUZELSKI    ,1
201808   ,POLEN                  ,6
201807   ,CZESTOCHOWA            ,11
201810   ,WARSAW                 ,1122
201507   ,CZESTOCHOWA            ,10
201812   ,LECH KACZYNSKI         ,2
201811   ,DANZIG                 ,18
201508   ,STANISLAW ZELICHOWSKI  ,1
201605   ,KRZYSZTOF KWIATKOWSKI  ,2
201908   ,BROMBERG               ,13
202003   ,KATOWICE               ,49
201611   ,POLAND                 ,10448
201610   ,LESZEK BALCEROWICZ     ,16
201708   ,GDANSK                 ,186
201708   ,CRACOW                 ,61
201708   ,LECH KACZYNSKI         ,13
201612   ,CZESTOCHOWA            ,12
201512   ,CRACOW                 ,102
201603   ,LUBLIN                 ,66
201702   ,TADEUSZ MAZOWIECKI     ,1
201710   ,JAROSLAW KACZYNSKI     ,75
201711   ,WROCLAW                ,57
201803   ,POLE                   ,2993
201802   ,KRAKOW                 ,69
201502   ,DONALD TUSK            ,171
201506   ,BRONISLAW KOMOROWSKI   ,110
201508   ,LUBLIN                 ,55
201605   ,LUBLIN                 ,90
201503   ,JAROSLAW KACZYNSKI     ,11
201802   ,RADOSLAW SIKORSKI      ,2
201511   ,POLEN                  ,3
201508   ,POLEN                  ,2
201507   ,LECH WALESA            ,6
201511   ,WOJCIECH JARUZELSKI    ,5
201602   ,ZABRZE                 ,5
201809   ,POLISH                 ,3927
201812   ,CZESTOCHOWA            ,12
201811   ,WARSAW                 ,963
201505   ,ALEKSANDER KWASNIEWSKI ,2
201903   ,LECH KACZYNSKI         ,3
201809   ,ALEKSANDER KWASNIEWSKI ,2
201810   ,CZESTOCHOWA            ,7
201911   ,ALEKSANDER KWASNIEWSKI ,3
201912   ,KRAKOW                 ,33
202003   ,BROMBERG               ,9
202003   ,GDANSK                 ,112
201702   ,MAREK BELKA            ,1
201608   ,BRONISLAW KOMOROWSKI   ,10
201705   ,BYDGOSZCZ              ,34
201704   ,POLEN                  ,3
201512   ,POLISH                 ,3668
201612   ,POLLAND                ,2
201710   ,POLE                   ,2444
201711   ,CZESTOCHOWA            ,8
201710   ,WARSZAWA               ,1
201804   ,CRACOW                 ,171
201601   ,BRONISLAW KOMOROWSKI   ,18
201508   ,DONALD TUSK            ,86
201605   ,LESZEK MILLER          ,9
201507   ,BRONISLAW KOMOROWSKI   ,78
201602   ,BYDGOSZCZ              ,31
201502   ,KATOWICE               ,18
201505   ,LESZEK MILLER          ,7
201809   ,DANZIG                 ,15
201902   ,BOGDAN ZDROJEWSKI      ,2
201905   ,ZABRZE                 ,8
201905   ,POLAND                 ,7989
201810   ,BRESLAU                ,10
201905   ,ELZBIETA BIENKOWSKA    ,4
201904   ,CEZARY GRABARCZYK      ,1
201601   ,ALEKSANDER KWASNIEWSKI ,1
201911   ,BRONISLAW KOMOROWSKI   ,2
201505   ,LECH WALESA            ,1
202003   ,CZESTOCHOWA            ,15
201702   ,LUBLIN                 ,97
201604   ,JAROSLAW KACZYNSKI     ,119
201703   ,JERZY BUZEK            ,3
201708   ,DANZIG                 ,5
201708   ,ZABRZE                 ,3
201611   ,BRESLAU                ,4
201801   ,JERZY BUZEK            ,1
201803   ,CRACOW                 ,182
201711   ,RADOSLAW SIKORSKI      ,2
201605   ,POLLAND                ,2
201510   ,BROMBERG               ,11
201509   ,POLLAND                ,1
201809   ,WROCLAW                ,24
201808   ,BOGDAN ZDROJEWSKI      ,1
201812   ,BYDGOSZCZ              ,20
201907   ,LUBLIN                 ,57
201909   ,POLISH                 ,4259
201907   ,JAROSLAW KACZYNSKI     ,35
201809   ,LESZEK MILLER          ,2
202001   ,KATOWICE               ,46
201912   ,BRONISLAW KOMOROWSKI   ,1
201903   ,POLAND                 ,7704
201602   ,KRAKOW                 ,64
201611   ,KRAKAU                 ,2
201706   ,DANZIG                 ,9
201612   ,WARSZAWA               ,7
201705   ,GDANSK                 ,78
201610   ,EWA KOPACZ             ,4
201712   ,KRAKOW                 ,40
201710   ,ZABRZE                 ,2
201801   ,BRONISLAW KOMOROWSKI   ,3
201804   ,POLEN                  ,5
201607   ,BRONISLAW KOMOROWSKI   ,10
201508   ,KATOWICE               ,58
201808   ,WARSAW                 ,1207
201808   ,JAROSLAW KACZYNSKI     ,33
201811   ,KATOWICE               ,365
201810   ,JAROSLAW KACZYNSKI     ,33
201903   ,POLEN                  ,1
201907   ,KATOWICE               ,69
201904   ,LESZEK MILLER          ,1
201909   ,DANZIG                 ,10
201812   ,KRAKAU                 ,1
201905   ,CZESTOCHOWA            ,30
202001   ,POLAND                 ,10104
201807   ,WALDEMAR PAWLAK        ,1
201608   ,POLISH                 ,4241
201608   ,CZESTOCHOWA            ,41
201609   ,POLISH                 ,5057
201612   ,POLSKA                 ,25
201709   ,WROCLAW                ,43
201712   ,BROMBERG               ,5
201601   ,GDANSK                 ,104
201801   ,BROMBERG               ,8
201803   ,POLISH                 ,5446
201507   ,WARSAW                 ,948
201603   ,RADOSLAW SIKORSKI      ,6
201505   ,CRACOW                 ,81
201604   ,LECH KACZYNSKI         ,39
201606   ,LECH KACZYNSKI         ,21
201605   ,POLEN                  ,8
201808   ,CZESTOCHOWA            ,18
201603   ,POLEN                  ,1
201806   ,POLSKA                 ,17
201806   ,LECH KACZYNSKI         ,18
201904   ,ELZBIETA BIENKOWSKA    ,6
201910   ,CRACOW                 ,101
201909   ,BROMBERG               ,9
201612   ,BYDGOSZCZ              ,35
201601   ,KATOWICE               ,34
201705   ,ZABRZE                 ,9
201712   ,KATOWICE               ,101
201710   ,BOGDAN ZDROJEWSKI      ,2
201801   ,GDANSK                 ,124
201611   ,POLEN                  ,1
201803   ,LECH WALESA            ,5
201503   ,POLE                   ,2486
201607   ,LUBLIN                 ,78
201606   ,JERZY BUZEK            ,2
201601   ,DANZIG                 ,6
201509   ,MAREK SAWICKI          ,2
201901   ,LODZ                   ,33
201809   ,CZESTOCHOWA            ,13
201812   ,BRESLAU                ,5
201806   ,POLOGNE                ,2
201806   ,BRESLAU                ,7
201908   ,WARSZAWA               ,2
201809   ,POLSKA                 ,6
201812   ,CEZARY GRABARCZYK      ,1
201812   ,CZESLAW KISZCZAK       ,5
201703   ,POLAND                 ,13949
201610   ,BYDGOSZCZ              ,85
201608   ,BRESLAU                ,3
201710   ,BROMBERG               ,6
201801   ,POLSKA                 ,4
201701   ,LESZEK BALCEROWICZ     ,4
201607   ,LECH WALESA            ,28
201504   ,POLE                   ,2474
201507   ,ELZBIETA BIENKOWSKA    ,3
201505   ,CZESLAW KISZCZAK       ,4
201502   ,WROCLAW                ,4
201812   ,WARSAW                 ,761
201810   ,POLAND                 ,8589
201903   ,POLSKA                 ,17
201906   ,POLISH                 ,3275
201812   ,WROCLAW                ,25
201903   ,LESZEK MILLER          ,4
201905   ,KRAKOW                 ,70
201808   ,POLSKA                 ,5
201605   ,EWA KOPACZ             ,1
201910   ,POLE                   ,2043
201602   ,POLEN                  ,1
202001   ,CZESTOCHOWA            ,10
201911   ,POLISH                 ,2500
202002   ,LESZEK MILLER          ,1
201510   ,JERZY BUZEK            ,1
201602   ,POLAND                 ,9823
201611   ,ZABRZE                 ,24
201708   ,POLAND                 ,9195
201608   ,KATOWICE               ,69
201703   ,POLISH                 ,6147
201703   ,CRACOW                 ,142
201612   ,LUBLIN                 ,63
201707   ,DANZIG                 ,13
201801   ,CRACOW                 ,165
201802   ,WARSAW                 ,1397
201802   ,BYDGOSZCZ              ,31
201511   ,JAROSLAW KACZYNSKI     ,88
201502   ,ALEKSANDER KWASNIEWSKI ,4
201604   ,ZABRZE                 ,10
201901   ,LECH WALESA            ,21
201807   ,POLEN                  ,13
201902   ,KRAKOW                 ,69
201510   ,WOJCIECH JARUZELSKI    ,1
201908   ,LUBLIN                 ,45
201905   ,GDANSK                 ,107
201903   ,ZABRZE                 ,2
201807   ,WARSZAWA               ,7
201704   ,KRAKOW                 ,75
201704   ,BRONISLAW KOMOROWSKI   ,13
201610   ,WARSAW                 ,1612
201708   ,KRAKAU                 ,2
201609   ,WARSZAWA               ,2
201711   ,WALDEMAR PAWLAK        ,1
201803   ,POLEN                  ,30
201804   ,POLE                   ,2221
201507   ,GDANSK                 ,77
201512   ,DONALD TUSK            ,308
201511   ,GDANSK                 ,84
201503   ,LODZ                   ,30
201511   ,LECH KACZYNSKI         ,57
201501   ,LUBLIN                 ,3
201506   ,LESZEK MILLER          ,6
201510   ,MAREK BELKA            ,4
201506   ,DANZIG                 ,8
201809   ,DONALD TUSK            ,392
201601   ,JACEK ROSTOWSKI        ,1
201705   ,                       ,1
201811   ,WROCLAW                ,37
201811   ,POLAND                 ,9248
201811   ,POLISH                 ,3629
201810   ,DONALD TUSK            ,517
201906   ,POLE                   ,2288
201902   ,CRACOW                 ,54
201809   ,BRESLAU                ,2
201909   ,LECH KACZYNSKI         ,9
202001   ,ZABRZE                 ,2
201702   ,BROMBERG               ,16
201611   ,LODZ                   ,25
201508   ,WROCLAW                ,64
202004   ,CZESTOCHOWA            ,3
201510   ,POLE                   ,2533
201708   ,BYDGOSZCZ              ,26
201604   ,KRAKOW                 ,91
201708   ,BROMBERG               ,6
201801   ,WARSAW                 ,1366
201709   ,ZABRZE                 ,6
201803   ,RADOSLAW SIKORSKI      ,1
201503   ,WARSAW                 ,959
201509   ,CZESTOCHOWA            ,15
201504   ,WROCLAW                ,27
201806   ,LECH WALESA            ,1
201506   ,JAROSLAW KACZYNSKI     ,25
201504   ,LODZ                   ,31
201809   ,JERZY MILLER           ,3
201906   ,WARSAW                 ,729
201904   ,KATOWICE               ,56
201506   ,JERZY BUZEK            ,2
201511   ,LESZEK MILLER          ,2
201908   ,BYDGOSZCZ              ,23
201503   ,WLODZIMIERZ CIMOSZEWICZ,3
201901   ,WOJCIECH JARUZELSKI    ,2
201911   ,LODZ                   ,53
202003   ,ZABRZE                 ,3
201507   ,TADEUSZ MAZOWIECKI     ,1
201702   ,POLSKA                 ,48
201703   ,WARSAW                 ,1707
201707   ,POLISH                 ,6052
201708   ,KRAKOW                 ,77
201608   ,POLE                   ,2879
201703   ,BRONISLAW KOMOROWSKI   ,4
201510   ,WARSAW                 ,942
201609   ,JAROSLAW KACZYNSKI     ,53
201612   ,WROCLAW                ,85
201705   ,DONALD TUSK            ,682
201705   ,POLSKA                 ,20
201709   ,CRACOW                 ,109
201709   ,JAROSLAW KACZYNSKI     ,74
201610   ,WOJCIECH JARUZELSKI    ,6
201712   ,BOGDAN ZDROJEWSKI      ,1
201804   ,JAROSLAW KACZYNSKI     ,181
201805   ,WROCLAW                ,45
201805   ,LECH WALESA            ,8
201512   ,LECH WALESA            ,42
201511   ,POLSKA                 ,11
201509   ,WOJCIECH JARUZELSKI    ,2
201507   ,POLSKA                 ,9
201903   ,POLE                   ,2044
201906   ,CRACOW                 ,103
201904   ,CZESTOCHOWA            ,19
201905   ,POLISH                 ,3236
201901   ,POLOGNE                ,1
201902   ,LESZEK MILLER          ,1
201810   ,WOJCIECH JARUZELSKI    ,2
201911   ,BROMBERG               ,4
201902   ,JAN OLSZEWSKI          ,2
201511   ,POLLAND                ,1
202003   ,POLISH                 ,2172
201904   ,POLISH                 ,2843
201611   ,WROCLAW                ,41
201703   ,KRAKOW                 ,115
201611   ,LECH WALESA            ,1
201706   ,LUBLIN                 ,88
201610   ,BROMBERG               ,10
201609   ,ZABRZE                 ,4
201612   ,POLISH                 ,5279
201607   ,GDANSK                 ,115
201711   ,POLISH                 ,5439
201711   ,CRACOW                 ,304
201804   ,DANZIG                 ,18
201506   ,POLISH                 ,2931
201504   ,KATOWICE               ,79
201506   ,CRACOW                 ,64
201509   ,EWA KOPACZ             ,76
201506   ,LUBLIN                 ,28
201608   ,POLEN                  ,4
201604   ,BRESLAU                ,8
201603   ,BROMBERG               ,4
201503   ,LECH KACZYNSKI         ,27
201809   ,BYDGOSZCZ              ,34
201901   ,GDANSK                 ,1089
201906   ,LECH WALESA            ,4
201812   ,LECH WALESA            ,10
201908   ,DONALD TUSK            ,744
201811   ,JAROSLAW KACZYNSKI     ,46
201910   ,BYDGOSZCZ              ,33
201909   ,LESZEK MILLER          ,1
201911   ,LECH KACZYNSKI         ,2
202003   ,LECH KACZYNSKI         ,2
202004   ,KRAKOW                 ,43
201704   ,GDANSK                 ,127
201606   ,WROCLAW                ,48
201703   ,LECH WALESA            ,2
201702   ,BRESLAU                ,9
201701   ,BOGDAN ZDROJEWSKI      ,3
201803   ,DANZIG                 ,5
201804   ,GDANSK                 ,123
201802   ,WOJCIECH JARUZELSKI    ,4
201603   ,DONALD TUSK            ,1326
201606   ,LUBLIN                 ,73
201504   ,LECH WALESA            ,4
201510   ,ALEKSANDER KWASNIEWSKI ,10
201505   ,WITOLD SOBKOW          ,1
201807   ,POLISH                 ,3994
201809   ,LECH WALESA            ,19
201904   ,DANZIG                 ,12
201602   ,MAREK BELKA            ,2
201907   ,CRACOW                 ,87
201905   ,WROCLAW                ,24
201507   ,LESZEK MILLER          ,1
201910   ,GDANSK                 ,84
201912   ,POLLAND                ,1
201703   ,WITOLD SOBKOW          ,5
201708   ,CZESTOCHOWA            ,15
201701   ,GDANSK                 ,151
201609   ,KRAKOW                 ,95
201612   ,ELZBIETA BIENKOWSKA    ,6
201709   ,KATOWICE               ,54
201710   ,CZESTOCHOWA            ,13
201503   ,CRACOW                 ,110
201602   ,CRACOW                 ,121
201606   ,POLEN                  ,5
201603   ,JACEK ROSTOWSKI        ,5
201508   ,CZESTOCHOWA            ,14
201602   ,LESZEK MILLER          ,4
201807   ,KRAKOW                 ,89
201812   ,POLE                   ,2429
201901   ,CZESTOCHOWA            ,4
201906   ,CZESTOCHOWA            ,13
202002   ,CRACOW                 ,99
201906   ,TADEUSZ MAZOWIECKI     ,6
202003   ,POLE                   ,1471
201607   ,KRAKOW                 ,1418
201610   ,WROCLAW                ,23
201604   ,LODZ                   ,21
201701   ,DONALD TUSK            ,344
201701   ,KATOWICE               ,69
201610   ,ELZBIETA BIENKOWSKA    ,5
201707   ,POLOGNE                ,4
201710   ,DONALD TUSK            ,461
201710   ,TADEUSZ MAZOWIECKI     ,3
201803   ,BRONISLAW KOMOROWSKI   ,1
201805   ,LECH KACZYNSKI         ,10
201509   ,CRACOW                 ,139
201510   ,ELZBIETA BIENKOWSKA    ,35
201604   ,CZESTOCHOWA            ,29
201509   ,KATOWICE               ,65
201505   ,BRESLAU                ,5
201906   ,LODZ                   ,27
201902   ,GDANSK                 ,208
201902   ,JAROSLAW KACZYNSKI     ,53
201809   ,LECH KACZYNSKI         ,7
201811   ,BRESLAU                ,12
201505   ,JERZY BUZEK            ,1
201502   ,KRZYSZTOF KWIATKOWSKI  ,1
201909   ,EWA KOPACZ             ,1
201503   ,ALEKSANDER KWASNIEWSKI ,2
202002   ,DANZIG                 ,9
201912   ,BROMBERG               ,1
201706   ,ZABRZE                 ,17
201703   ,POLSKA                 ,41
201701   ,LECH KACZYNSKI         ,28
201705   ,LODZ                   ,47
201705   ,POLOGNE                ,4
201704   ,LESZEK BALCEROWICZ     ,1
201801   ,KRAKOW                 ,143
201712   ,BRESLAU                ,3
201802   ,ELZBIETA BIENKOWSKA    ,1
201805   ,JAROSLAW KACZYNSKI     ,27
201607   ,JAROSLAW KACZYNSKI     ,39
201805   ,POLEN                  ,3
201608   ,LESZEK BALCEROWICZ     ,3
201501   ,POLE                   ,16
201508   ,DANZIG                 ,24
201505   ,LODZ                   ,27
201509   ,LESZEK MILLER          ,4
201501   ,WARSAW                 ,13
201809   ,POLE                   ,2270
201508   ,EWA KOPACZ             ,10
201810   ,WARSZAWA               ,2
201901   ,ALEKSANDER KWASNIEWSKI ,2
201810   ,ZABRZE                 ,1
201911   ,KATOWICE               ,64
201912   ,WARSAW                 ,853
201910   ,ZABRZE                 ,3
202003   ,RADOSLAW SIKORSKI      ,1
202004   ,BROMBERG               ,4
201702   ,POLISH                 ,3756
201702   ,GDANSK                 ,128
202004   ,POLSKA                 ,2
201611   ,JAROSLAW KACZYNSKI     ,33
201705   ,WARSAW                 ,1023
201612   ,LESZEK BALCEROWICZ     ,1
201608   ,LODZ                   ,18
201707   ,BOGDAN ZDROJEWSKI      ,4
201512   ,KRAKOW                 ,113
201611   ,ELZBIETA BIENKOWSKA    ,1
201707   ,BRESLAU                ,1
201703   ,ALEKSANDER KWASNIEWSKI ,2
201710   ,CRACOW                 ,257
201712   ,POLISH                 ,4190
201710   ,BRONISLAW KOMOROWSKI   ,6
201507   ,POLAND                 ,6445
201503   ,GDANSK                 ,100
201505   ,GDANSK                 ,194
201906   ,GDANSK                 ,198
201902   ,ZABRZE                 ,5
201912   ,DONALD TUSK            ,44
201906   ,POLEN                  ,4
201904   ,POLAND                 ,7433
202004   ,GDANSK                 ,52
201707   ,KRAKOW                 ,319
201508   ,POLAND                 ,7710
201609   ,CRACOW                 ,126
201509   ,DONALD TUSK            ,576
201609   ,POLLAND                ,4
201612   ,GDANSK                 ,136
201610   ,DANZIG                 ,6
201607   ,POLSKA                 ,14
201707   ,WALDEMAR PAWLAK        ,2
201706   ,BROMBERG               ,6
201601   ,WARSAW                 ,1395
201710   ,KATOWICE               ,69
201801   ,POLE                   ,2507
201711   ,KRZYSZTOF KWIATKOWSKI  ,1
201712   ,LECH KACZYNSKI         ,10
201801   ,ALEKSANDER KWASNIEWSKI ,3
201505   ,POLISH                 ,3537
201505   ,KATOWICE               ,35
201507   ,KRAKOW                 ,138
201608   ,LECH WALESA            ,3
201504   ,POLEN                  ,3
201903   ,BROMBERG               ,10
201806   ,DANZIG                 ,14
201906   ,WROCLAW                ,26
201601   ,MAREK BELKA            ,3
201904   ,KRAKOW                 ,83
201909   ,CRACOW                 ,120
201910   ,BROMBERG               ,18
201901   ,WARSZAWA               ,1
202002   ,POLE                   ,1642
202003   ,BYDGOSZCZ              ,28
201602   ,POLISH                 ,4226
201611   ,DANZIG                 ,8
201708   ,POLE                   ,2117
201608   ,GDANSK                 ,176
201706   ,BYDGOSZCZ              ,44
201610   ,JAROSLAW KACZYNSKI     ,80
201708   ,DONALD TUSK            ,56
201612   ,LECH KACZYNSKI         ,50
201612   ,KRAKOW                 ,136
201709   ,BROMBERG               ,20
201512   ,WARSAW                 ,1019
201701   ,BRONISLAW KOMOROWSKI   ,10
201601   ,CRACOW                 ,103
201712   ,GDANSK                 ,86
201601   ,KRAKOW                 ,104
201711   ,WOJCIECH JARUZELSKI    ,1
201503   ,DANZIG                 ,14
201510   ,JAN OLSZEWSKI          ,10
201502   ,LECH KACZYNSKI         ,9
201602   ,BRESLAU                ,9
201812   ,DONALD TUSK            ,502
201903   ,DANZIG                 ,2
201907   ,DONALD TUSK            ,348
201504   ,WOJCIECH JARUZELSKI    ,1
201807   ,LECH WALESA            ,16
201506   ,WARSZAWA               ,1
201909   ,POLE                   ,2281
201912   ,POLAND                 ,7360
201611   ,CZESTOCHOWA            ,14
201701   ,POLSKA                 ,14
201709   ,LUBLIN                 ,98
201803   ,POLAND                 ,12564
201803   ,ALEKSANDER KWASNIEWSKI ,5
201804   ,CZESTOCHOWA            ,14
201804   ,JERZY BUZEK            ,1
201604   ,BYDGOSZCZ              ,51
201510   ,GDANSK                 ,104
201511   ,CRACOW                 ,97
201805   ,WARSZAWA               ,1
201505   ,DANZIG                 ,38
201606   ,CZESTOCHOWA            ,30
201603   ,CZESTOCHOWA            ,23
201502   ,RADOSLAW SIKORSKI      ,1
201601   ,LECH KACZYNSKI         ,25
201602   ,POLSKA                 ,14
201505   ,CEZARY GRABARCZYK      ,11
201809   ,WOJCIECH JARUZELSKI    ,5
201807   ,WROCLAW                ,22
201909   ,WARSAW                 ,1537
201909   ,LUBLIN                 ,65
201811   ,POLEN                  ,3
201910   ,LESZEK BALCEROWICZ     ,1
202002   ,WROCLAW                ,53
202001   ,BRONISLAW KOMOROWSKI   ,1
201910   ,BOGDAN ZDROJEWSKI      ,3
201702   ,CZESTOCHOWA            ,9
201704   ,POLAND                 ,9717
201704   ,ZABRZE                 ,6
201704   ,BRESLAU                ,3
201706   ,JAROSLAW KACZYNSKI     ,39
201705   ,CRACOW                 ,152
201703   ,BRESLAU                ,6
201710   ,LODZ                   ,98
201711   ,BROMBERG               ,9
201711   ,BRONISLAW KOMOROWSKI   ,8
201709   ,ALEKSANDER KWASNIEWSKI ,1
201805   ,POLE                   ,2756
201805   ,DONALD TUSK            ,264
201801   ,JOZEF OLEKSY           ,1
201804   ,WALDEMAR PAWLAK        ,1
201602   ,LECH WALESA            ,122
201606   ,LODZ                   ,63
201510   ,EWA KOPACZ             ,131
201607   ,BOGDAN ZDROJEWSKI      ,3
201806   ,BYDGOSZCZ              ,41
201506   ,BROMBERG               ,6
201902   ,POLISH                 ,4501
201903   ,BRESLAU                ,9
201502   ,LECH WALESA            ,1
201810   ,POLISH                 ,3197
201810   ,LECH WALESA            ,2
201807   ,BRESLAU                ,2
201907   ,CZESLAW KISZCZAK       ,4
202001   ,LODZ                   ,35
202002   ,LUBLIN                 ,48
201812   ,ZABRZE                 ,1
201610   ,POLEN                  ,1
202003   ,DONALD TUSK            ,31
201611   ,POLE                   ,3001
201611   ,BRONISLAW KOMOROWSKI   ,18
201707   ,CZESTOCHOWA            ,25
201706   ,POLSKA                 ,16
201612   ,LODZ                   ,36
201705   ,POLISH                 ,4255
201506   ,WARSAW                 ,873
201507   ,DONALD TUSK            ,653
201507   ,CRACOW                 ,118
201511   ,BYDGOSZCZ              ,26
201605   ,CZESTOCHOWA            ,14
201504   ,LUBLIN                 ,60
201604   ,EWA KOPACZ             ,3
201901   ,WARSAW                 ,1516
201507   ,WARSZAWA               ,2
201810   ,GDANSK                 ,118
201904   ,TADEUSZ MAZOWIECKI     ,1
201909   ,WROCLAW                ,25
202001   ,POLISH                 ,3564
202002   ,POLSKA                 ,5
202002   ,DONALD TUSK            ,56
202002   ,BRONISLAW KOMOROWSKI   ,2
202003   ,LUBLIN                 ,55
202004   ,CRACOW                 ,53
201707   ,TADEUSZ MAZOWIECKI     ,1
201802   ,POLAND                 ,15110
201802   ,ZABRZE                 ,4
201805   ,POLLAND                ,5
201607   ,CRACOW                 ,1036
201601   ,JAROSLAW KACZYNSKI     ,125
201511   ,LUBLIN                 ,58
201510   ,KRAKOW                 ,147
201605   ,LODZ                   ,56
201508   ,BYDGOSZCZ              ,18
201501   ,KRAKOW                 ,17
201602   ,WOJCIECH JARUZELSKI    ,12
201510   ,POLSKA                 ,11
201602   ,CZESTOCHOWA            ,11
201509   ,ALEKSANDER KWASNIEWSKI ,3
201604   ,ELZBIETA BIENKOWSKA    ,4
201807   ,ZABRZE                 ,7
201810   ,POLSKA                 ,6
201908   ,CZESLAW KISZCZAK       ,1
201910   ,CZESTOCHOWA            ,17
202003   ,WOJCIECH JARUZELSKI    ,2
201806   ,BRONISLAW KOMOROWSKI   ,1
201704   ,POLSKA                 ,13
201704   ,DANZIG                 ,10
201707   ,POLSKA                 ,20
201610   ,LECH KACZYNSKI         ,27
201609   ,BYDGOSZCZ              ,100
201512   ,POLE                   ,2868
201603   ,WROCLAW                ,44
201706   ,POLLAND                ,2
201710   ,WARSAW                 ,1258
201711   ,LECH WALESA            ,2
201801   ,POLAND                 ,11428
201801   ,LUBLIN                 ,122
201801   ,BYDGOSZCZ              ,35
201802   ,KATOWICE               ,61
201804   ,BYDGOSZCZ              ,61
201512   ,GDANSK                 ,86
201511   ,ZABRZE                 ,3
201502   ,WARSZAWA               ,1
201510   ,RADOSLAW SIKORSKI      ,1
201808   ,POLISH                 ,3148
201806   ,KRAKOW                 ,39
201904   ,DONALD TUSK            ,637
201812   ,BROMBERG               ,2
201512   ,POLEN                  ,2
201811   ,LECH WALESA            ,3
201909   ,BRONISLAW KOMOROWSKI   ,1
202001   ,DANZIG                 ,10
201901   ,EWA KOPACZ             ,2
201912   ,BYDGOSZCZ              ,33
202003   ,POLAND                 ,6441
201607   ,WARSAW                 ,6820
201706   ,KATOWICE               ,79
201602   ,POLE                   ,2594
201703   ,WARSZAWA               ,1
201601   ,LECH WALESA            ,7
201712   ,POLAND                 ,10635
201711   ,LECH KACZYNSKI         ,10
201502   ,BRONISLAW KOMOROWSKI   ,52
201505   ,BYDGOSZCZ              ,22
201606   ,LECH WALESA            ,6
201505   ,KRAKOW                 ,73
201603   ,LECH WALESA            ,16
201502   ,CRACOW                 ,26
201809   ,LUBLIN                 ,77
201901   ,BRESLAU                ,5
201808   ,WALDEMAR PAWLAK        ,1
201501   ,JAROSLAW KACZYNSKI     ,2
201911   ,POLAND                 ,7011
202002   ,LODZ                   ,29
201912   ,POLEN                  ,1
201610   ,LECH WALESA            ,13
201702   ,ZABRZE                 ,15
201609   ,LODZ                   ,25
201609   ,JERZY MILLER           ,6
201509   ,KRAKOW                 ,70
201801   ,ZABRZE                 ,8
201801   ,BRESLAU                ,5
201802   ,POLISH                 ,7641
201802   ,JAROSLAW KACZYNSKI     ,32
201802   ,JERZY MILLER           ,1
201804   ,TOMASZ ARABSKI         ,2
201607   ,POLEN                  ,18
201505   ,POLE                   ,1987
201504   ,POLISH                 ,4212
201509   ,LESZEK BALCEROWICZ     ,1
201606   ,CRACOW                 ,220
201606   ,KATOWICE               ,87
201605   ,BYDGOSZCZ              ,49
201807   ,POLE                   ,2888
201601   ,WOJCIECH JARUZELSKI    ,1
201807   ,CRACOW                 ,91
201603   ,CZESLAW KISZCZAK       ,7
201812   ,RADOSLAW SIKORSKI      ,1
201903   ,WOJCIECH JARUZELSKI    ,3
201902   ,ALEKSANDER KWASNIEWSKI ,2
201905   ,LODZ                   ,22
201909   ,POLSKA                 ,12
201907   ,POLEN                  ,5
201911   ,DONALD TUSK            ,97
201911   ,BYDGOSZCZ              ,16
201910   ,JERZY KROPIWNICKI      ,1
201702   ,KRAKOW                 ,166
201608   ,WARSAW                 ,1658
201701   ,BYDGOSZCZ              ,36
201703   ,BROMBERG               ,6
201711   ,BRESLAU                ,10
201712   ,POLEN                  ,8
201712   ,LESZEK MILLER          ,2
201804   ,DONALD TUSK            ,253
201805   ,BRESLAU                ,3
201511   ,KRAKOW                 ,121
201512   ,LECH KACZYNSKI         ,40
201806   ,CRACOW                 ,167
201901   ,WROCLAW                ,22
201808   ,KATOWICE               ,49
201510   ,BOGDAN ZDROJEWSKI      ,2
201810   ,WROCLAW                ,40
201906   ,KRAKOW                 ,58
201902   ,LECH KACZYNSKI         ,2
201907   ,POLAND                 ,7022
201902   ,BROMBERG               ,20
201903   ,BRONISLAW KOMOROWSKI   ,4
201908   ,BRESLAU                ,10
201904   ,BRESLAU                ,17
201605   ,RADOSLAW SIKORSKI      ,1
202002   ,WARSAW                 ,797
202004   ,POLEN                  ,1
201601   ,LESZEK MILLER          ,1
201505   ,ELZBIETA BIENKOWSKA    ,1
202004   ,JAROSLAW KACZYNSKI     ,26
201610   ,POLE                   ,2888
201607   ,POLAND                 ,20345
201706   ,BRESLAU                ,2
201708   ,EWA KOPACZ             ,2
201711   ,KATOWICE               ,111
201605   ,MAREK BELKA            ,6
201504   ,BRESLAU                ,11
201606   ,MIECZYSLAW RAKOWSKI    ,1
201503   ,WROCLAW                ,28
201806   ,POLISH                 ,3777
201508   ,BROMBERG               ,7
201507   ,RADOSLAW SIKORSKI      ,5
201504   ,LESZEK MILLER          ,2
201807   ,BYDGOSZCZ              ,24
201903   ,BYDGOSZCZ              ,31
201602   ,RADOSLAW SIKORSKI      ,4
201904   ,GDANSK                 ,128
201907   ,KRAKOW                 ,85
201908   ,LECH KACZYNSKI         ,15
201902   ,MIECZYSLAW RAKOWSKI    ,1
202001   ,DONALD TUSK            ,47
201910   ,LESZEK MILLER          ,3
202004   ,LUBLIN                 ,31
201706   ,WARSAW                 ,1133
201704   ,WARSAW                 ,1216
201703   ,POLE                   ,3097
201708   ,BRESLAU                ,2
201707   ,LECH KACZYNSKI         ,16
201608   ,WARSZAWA               ,7
201604   ,KATOWICE               ,114
201709   ,LECH KACZYNSKI         ,6
201711   ,WARSAW                 ,1443
201710   ,BYDGOSZCZ              ,72
201610   ,JERZY MILLER           ,3
201712   ,LECH WALESA            ,8
201805   ,KATOWICE               ,175
201605   ,DONALD TUSK            ,270
201612   ,LESZEK MILLER          ,3
201509   ,WROCLAW                ,77
201602   ,LECH KACZYNSKI         ,12
201508   ,LECH KACZYNSKI         ,44
201503   ,TADEUSZ MAZOWIECKI     ,2
201511   ,POLOGNE                ,4
201604   ,WARSZAWA               ,2
201901   ,POLISH                 ,4171
201808   ,POLAND                 ,7236
201904   ,WOJCIECH JARUZELSKI    ,1
201907   ,CZESTOCHOWA            ,11
201901   ,MAREK BELKA            ,3
201908   ,POLSKA                 ,12
201812   ,WARSZAWA               ,7
201909   ,TADEUSZ MAZOWIECKI     ,1
201907   ,EWA KOPACZ             ,2
201911   ,WARSAW                 ,1065
201904   ,LECH WALESA            ,2
201912   ,GDANSK                 ,144
201703   ,GDANSK                 ,141
201705   ,POLE                   ,2580
201610   ,LUBLIN                 ,100
201605   ,POLAND                 ,11607
201704   ,WARSZAWA               ,4
201801   ,DONALD TUSK            ,103
201803   ,POLOGNE                ,2
201603   ,POLSKA                 ,13
201607   ,BRESLAU                ,1
201506   ,ZABRZE                 ,6
201809   ,CRACOW                 ,86
201903   ,LECH WALESA            ,3
201907   ,WARSAW                 ,885
201808   ,DANZIG                 ,41
201603   ,ZABRZE                 ,3
201811   ,ZABRZE                 ,3
202001   ,LECH KACZYNSKI         ,4
201811   ,BOGDAN ZDROJEWSKI      ,1
202004   ,DANZIG                 ,5
201611   ,WARSZAWA               ,6
201707   ,GDANSK                 ,228
201701   ,KRAKOW                 ,107
201609   ,BRONISLAW KOMOROWSKI   ,8
201509   ,GDANSK                 ,119
201702   ,DANZIG                 ,2
201712   ,BYDGOSZCZ              ,66
201712   ,CRACOW                 ,285
201802   ,GDANSK                 ,140
201802   ,CZESLAW KISZCZAK       ,7
201508   ,CRACOW                 ,124
201504   ,GDANSK                 ,118
201805   ,POLOGNE                ,6
201608   ,WALDEMAR PAWLAK        ,1
201510   ,DANZIG                 ,10
201601   ,POLEN                  ,11
201507   ,BRESLAU                ,4
201508   ,ZABRZE                 ,8
201809   ,JAROSLAW KACZYNSKI     ,33
201807   ,WOJCIECH JARUZELSKI    ,1
201811   ,LECH KACZYNSKI         ,19
201903   ,CRACOW                 ,96
201902   ,POLE                   ,2458
201902   ,DONALD TUSK            ,606
201903   ,POLOGNE                ,2
201905   ,POLEN                  ,7
201811   ,BRONISLAW KOMOROWSKI   ,3
202002   ,GDANSK                 ,108
201912   ,KATOWICE               ,81
201807   ,ELZBIETA BIENKOWSKA    ,2
201912   ,LECH KACZYNSKI         ,3
201911   ,BRESLAU                ,2
201906   ,ELZBIETA BIENKOWSKA    ,2
202004   ,KATOWICE               ,12
201608   ,POLAND                 ,10314
201701   ,CZESTOCHOWA            ,16
201606   ,KRAKOW                 ,261
201709   ,WARSAW                 ,1155
201708   ,ALEKSANDER KWASNIEWSKI ,1
201705   ,BRESLAU                ,1
201601   ,DONALD TUSK            ,258
201709   ,LECH WALESA            ,1
201712   ,DANZIG                 ,5
201803   ,BROMBERG               ,1
201502   ,POLISH                 ,1319
201509   ,BRONISLAW KOMOROWSKI   ,16
201508   ,JAROSLAW KACZYNSKI     ,19
201508   ,LESZEK MILLER          ,2
201606   ,BROMBERG               ,11
201605   ,ALEKSANDER KWASNIEWSKI ,2
201506   ,CZESLAW KISZCZAK       ,5
201506   ,POLEN                  ,6
201604   ,WITOLD SOBKOW          ,2
201809   ,LODZ                   ,38
201807   ,LUBLIN                 ,61
201903   ,LODZ                   ,44
201905   ,WARSAW                 ,985
201904   ,KRZYSZTOF KWIATKOWSKI  ,1
201912   ,POLE                   ,2338
202002   ,LECH WALESA            ,9
201810   ,RADOSLAW SIKORSKI      ,10
201707   ,BYDGOSZCZ              ,39
201608   ,LUBLIN                 ,74
201704   ,LECH WALESA            ,21
201703   ,KATOWICE               ,94
201509   ,POLISH                 ,4342
201606   ,POLE                   ,3612
201707   ,POLEN                  ,4
201709   ,POLEN                  ,1
201611   ,BOGDAN ZDROJEWSKI      ,1
201802   ,LECH WALESA            ,2
201802   ,DANZIG                 ,6
201509   ,LECH WALESA            ,24
201507   ,ZABRZE                 ,7
201512   ,BROMBERG               ,18
201503   ,BRESLAU                ,8
201511   ,CZESLAW KISZCZAK       ,3
201505   ,JACEK ROSTOWSKI        ,1
201605   ,JAROSLAW KALINOWSKI    ,2
201901   ,DONALD TUSK            ,471
201808   ,LODZ                   ,34
201812   ,KRAKOW                 ,99
201812   ,POLSKA                 ,6
201810   ,KATOWICE               ,189
201502   ,WOJCIECH JARUZELSKI    ,2
201509   ,RADOSLAW SIKORSKI      ,1
201809   ,WARSZAWA               ,1
201904   ,BROMBERG               ,16
201905   ,LECH WALESA            ,5
201911   ,LECH WALESA            ,8
202001   ,RADOSLAW SIKORSKI      ,6
201910   ,BRONISLAW KOMOROWSKI   ,2
